PLAYER,AGE,POS,TEAM,DATE,TYPE,EXTENSION,STRUCTURE,LENGTH,VALUE,CAP HIT,id
Sebastien Caron,29,G,PHI,2010,Stnd (UFA),0,1-way,1,500000.0,500000.0,SebastienCaron2010
Dominic Moore,29,"C, LW",TBL,2010,Stnd (UFA),0,1-way,2,2200000.0,1100000.0,DominicMoore2010
Ian White,26,D,CGY,2010,Stnd (UFA),0,1-way,1,2999995.0,2999995.0,IanWhite2010
Alexander Frolov,28,LW,NYR,2010,Stnd (UFA),0,1-way,1,3000000.0,3000000.0,AlexanderFrolov2010
Alexei Ponikarovsky,30,LW,LAK,2010,Stnd (UFA),0,1-way,1,3200000.0,3200000.0,AlexeiPonikarovsky2010
Nikolai Zherdev,25,LW,PHI,2010,Stnd (UFA),0,1-way,1,2000000.0,2000000.0,NikolaiZherdev2010
Brett Lebda,28,LW,TOR,2010,Stnd (UFA),0,1-way,2,2200000.0,1450000.0,BrettLebda2010
Rob Niedermayer,35,"C, RW",BUF,2010,35+ (UFA),0,1-way,1,1250000.0,1150000.0,RobNiedermayer2010
Joe Corvo,33,D,CAR,2010,Stnd (UFA),0,1-way,2,4500000.0,2250000.0,JoeCorvo2010
Carlo Colaiacovo,27,LD,STL,2010,Stnd (UFA),0,1-way,2,4250000.0,2125000.0,CarloColaiacovo2010
Eric Boulton,33,LW,ATL,2010,Stnd (UFA),0,1-way,1,650000.0,650000.0,EricBoulton2010
John Mitchell,25,C,TOR,2010,Stnd (UFA),0,1-way,1,725000.0,725000.0,JohnMitchell2010
Milan Jurcina,27,D,NYI,2010,Stnd (UFA),0,1-way,1,1000000.0,1000000.0,MilanJurcina2010
Brad Winchester,29,LW,STL,2010,Stnd (UFA),0,1-way,1,700000.0,700000.0,BradWinchester2010
Pavel Kubina,33,D,TBL,2010,Stnd (UFA),0,1-way,2,7700000.0,3850000.0,PavelKubina2010
Matthew Lombardi,28,C,NSH,2010,Stnd (UFA),0,1-way,3,10500000.0,3500000.0,MatthewLombardi2010
Cody McCormick,27,"C, RW, LW",BUF,2010,Stnd (UFA),0,1-way,1,500000.0,500000.0,CodyMcCormick2010
Tim Jackman,28,RW,CGY,2010,Stnd (UFA),0,1-way,2,1100000.0,550000.0,TimJackman2010
Pierre-Alexandre Parenteau,27,RW,NYI,2010,Stnd (UFA),0,1-way,1,600000.0,600000.0,Pierre-AlexandreParenteau2010
Colby Armstrong,27,RW,TOR,2010,Stnd (UFA),0,1-way,3,9000000.0,3000000.0,ColbyArmstrong2010
Anton Volchenkov,28,D,NJD,2010,Stnd (UFA),0,1-way,6,25500000.0,4250000.0,AntonVolchenkov2010
Matt Cullen,33,"C, LW",MIN,2010,Stnd (UFA),0,1-way,3,10500000.0,3500000.0,MattCullen2010
Toni Lydman,32,D,ANA,2010,Stnd (UFA),0,1-way,3,9000000.0,3000000.0,ToniLydman2010
Johan Hedberg,37,G,NJD,2010,35+ (UFA),0,1-way,1,1500000.0,1000000.0,JohanHedberg2010
Paul Martin,29,LD,PIT,2010,Stnd (UFA),0,1-way,5,25000000.0,5000000.0,PaulMartin2010
Dan Hamhuis,27,LD,VAN,2010,Stnd (UFA),0,1-way,6,27000000.0,4500000.0,DanHamhuis2010
Vaclav Prospal,35,LW,NYR,2010,35+ (UFA),0,1-way,1,2480000.0,2480000.0,VaclavProspal2010
Martin Biron,32,G,NYR,2010,Stnd (UFA),0,1-way,2,1750000.0,875000.0,MartinBiron2010
Ray Whitney,38,LW,ARI,2010,35+ (UFA),0,1-way,2,6000000.0,3000000.0,RayWhitney2010
Erik Christensen,26,C,NYR,2010,Stnd (UFA),0,1-way,2,1850000.0,925000.0,ErikChristensen2010
Kurtis Foster,28,D,EDM,2010,Stnd (UFA),0,1-way,2,3600000.0,1800000.0,KurtisFoster2010
Alex Auld,29,G,MTL,2010,Stnd (UFA),0,1-way,1,1000000.0,1000000.0,AlexAuld2010
Chris Mason,34,G,ATL,2010,Stnd (UFA),0,1-way,2,3700000.0,1850000.0,ChrisMason2010
Alex Tanguay,30,"LW, RW",CGY,2010,Stnd (UFA),0,1-way,1,1700000.0,1700000.0,AlexTanguay2010
Zbynek Michalek,27,RD,PIT,2010,Stnd (UFA),0,1-way,5,20000000.0,4000000.0,ZbynekMichalek2010
Joel Perrault,27,C,VAN,2010,Stnd (UFA),0,1-way,1,510000.0,510000.0,JoelPerrault2010
Manny Malhotra,30,C,VAN,2010,Stnd (UFA),0,1-way,3,7500000.0,2500000.0,MannyMalhotra2010
Jordan Leopold,29,D,BUF,2010,Stnd (UFA),0,1-way,3,9000000.0,3000000.0,JordanLeopold2010
Daniel Paille,26,LW,BOS,2010,Stnd (UFA),0,1-way,2,2150000.0,1075000.0,DanielPaille2010
Jody Shelley,34,LW,PHI,2010,Stnd (UFA),0,1-way,3,3300000.0,1100000.0,JodyShelley2010
Adam Burish,27,RW,DAL,2010,Stnd (UFA),0,1-way,2,2300000.0,1150000.0,AdamBurish2010
John Scott,27,"LW, D",CHI,2010,Stnd (UFA),0,1-way,2,1025000.0,512500.0,JohnScott2010
Eric Nystrom,27,"LW, RW",MIN,2010,Stnd (UFA),0,1-way,3,4200000.0,1400000.0,EricNystrom2010
Chris Higgins,27,LW,FLA,2010,Stnd (UFA),0,1-way,1,1600000.0,1600000.0,ChrisHiggins2010
Dan Ellis,30,G,TBL,2010,Stnd (UFA),0,1-way,2,3000000.0,1500000.0,DanEllis2010
Derek Morris,31,D,ARI,2010,Stnd (UFA),0,1-way,4,11000000.0,2750000.0,DerekMorris2010
Sergei Gonchar,36,LD,OTT,2010,35+ (UFA),0,1-way,3,16500000.0,5500000.0,SergeiGonchar2010
Doug Weight,39,C,NYI,2010,35+ (UFA),0,1-way,1,1150000.0,850000.0,DougWeight2010
Lee Stempniak,27,RW,ARI,2010,Stnd (UFA),0,1-way,2,3800000.0,1900000.0,LeeStempniak2010
Clarke MacArthur,25,LW,TOR,2010,Stnd (UFA),0,1-way,1,1100000.0,1100000.0,ClarkeMacArthur2010
Willie Mitchell,33,LD,LAK,2010,Stnd (UFA),0,1-way,2,7000000.0,3500000.0,WillieMitchell2010
Raffi Torres,28,LW,VAN,2010,Stnd (UFA),0,1-way,1,1000000.0,1000000.0,RaffiTorres2010
Nick Boynton,31,RD,CHI,2010,Stnd (UFA),0,1-way,1,500000.0,500000.0,NickBoynton2010
Ruslan Salei,35,D,DET,2010,35+ (UFA),0,1-way,1,750000.0,750000.0,RuslanSalei2010
Teemu Selanne,39,RW,ANA,2010,35+ (UFA),0,1-way,1,4500000.0,3250000.0,TeemuSelanne2010
John Madden,37,C,MIN,2010,35+ (UFA),0,1-way,1,1000000.0,1000000.0,JohnMadden2010
Jamal Mayers,35,RW,SJS,2010,35+ (UFA),0,1-way,1,600000.0,600000.0,JamalMayers2010
Mike Weaver,32,D,FLA,2010,Stnd (UFA),0,1-way,2,1800000.0,900000.0,MikeWeaver2010
Mike Modano,40,C,DET,2010,35+ (UFA),0,1-way,1,1750000.0,1250000.0,MikeModano2010
Andy Sutton,35,D,ANA,2010,35+ (UFA),0,1-way,2,4250000.0,2062500.0,AndySutton2010
Patrick O'Sullivan,25,LW,CAR,2010,Stnd (UFA),0,1-way,1,600000.0,600000.0,PatrickOSullivan2010
Eric Belanger,32,C,ARI,2010,Stnd (UFA),0,1-way,1,750000.0,750000.0,EricBelanger2010
Jeff Halpern,34,C,MTL,2010,Stnd (UFA),0,1-way,1,600000.0,600000.0,JeffHalpern2010
Freddy Modin,35,LW,ATL,2010,35+ (UFA),0,1-way,1,1200000.0,800000.0,FreddyModin2010
Ilya Kovalchuk,27,"LW, RW",NJD,2010,Stnd (UFA),0,1-way,15,100000000.0,6666666.0,IlyaKovalchuk2010
Antti Niemi,27,G,SJS,2010,Stnd (UFA),0,1-way,1,2000000.0,2000000.0,AnttiNiemi2010
Mike Comrie,29,C,PIT,2010,Stnd (UFA),0,1-way,1,500000.0,500000.0,MikeComrie2010
Paul Mara,31,D,ANA,2010,Stnd (UFA),0,1-way,1,750000.0,750000.0,PaulMara2010
Andreas Lilja,34,LD,ANA,2010,Stnd (UFA),0,1-way,1,600000.0,600000.0,AndreasLilja2010
Shane Hnidy,34,RD,BOS,2011,Stnd (UFA),0,1-way,1,500000.0,500000.0,ShaneHnidy2011
Peter Forsberg,37,C,COL,2011,35+ (UFA),0,1-way,1,2000000.0,1000000.0,PeterForsberg2011
Vaclav Prospal,36,LW,CBJ,2011,35+ (UFA),0,1-way,1,2500000.0,2500000.0,VaclavProspal2011
Derek Smith,26,LD,CGY,2011,Stnd (UFA),0,1-way,1,700000.0,700000.0,DerekSmith2011
Shane O'Brien,27,LD,COL,2011,Stnd (UFA),0,1-way,1,1100000.0,1100000.0,ShaneOBrien2011
Mike Lundin,26,LD,MIN,2011,Stnd (UFA),0,1-way,1,1000000.0,1000000.0,MikeLundin2011
Maxime Talbot,27,"C, LW",PHI,2011,Stnd (UFA),0,1-way,5,9000000.0,1800000.0,MaximeTalbot2011
Jamie Langenbrunner,35,RW,STL,2011,35+ (UFA),0,1-way,1,2500000.0,2500000.0,JamieLangenbrunner2011
Jason Arnott,36,C,STL,2011,35+ (UFA),0,1-way,1,2875000.0,2500000.0,JasonArnott2011
Radek Martinek,34,RD,CBJ,2011,Stnd (UFA),0,1-way,1,2200000.0,2200000.0,RadekMartinek2011
Jason LaBarbera,31,G,ARI,2011,Stnd (UFA),0,1-way,2,2500000.0,1250000.0,JasonLaBarbera2011
Tomas Kaberle,33,D,CAR,2011,Stnd (UFA),0,1-way,3,12750000.0,4250000.0,TomasKaberle2011
Clarke MacArthur,26,LW,TOR,2011,Stnd (UFA),0,1-way,2,6500000.0,3250000.0,ClarkeMacArthur2011
Anton Babchuk,27,RD,CGY,2011,Stnd (UFA),0,1-way,2,5000000.0,2500000.0,AntonBabchuk2011
Tomas Vokoun,34,G,WSH,2011,Stnd (UFA),0,1-way,1,1500000.0,1500000.0,TomasVokoun2011
Niclas Bergfors,24,RW,NSH,2011,Stnd (UFA),0,1-way,1,575000.0,575000.0,NiclasBergfors2011
Matt Bradley,33,"RW, LW",FLA,2011,Stnd (UFA),0,1-way,2,1900000.0,950000.0,MattBradley2011
Eric Boulton,34,LW,NJD,2011,Stnd (UFA),0,1-way,2,1115000.0,662500.0,EricBoulton2011
Brad Richards,31,"C, LW",NYR,2011,Stnd (UFA),0,1-way,9,60000000.0,6666666.0,BradRichards2011
Ian White,27,D,DET,2011,Stnd (UFA),0,1-way,2,5750000.0,2875000.0,IanWhite2011
Simon Gagne,31,RW,LAK,2011,Stnd (UFA),0,1-way,2,7000000.0,3500000.0,SimonGagne2011
Tim Connolly,30,C,TOR,2011,Stnd (UFA),0,1-way,2,9500000.0,4750000.0,TimConnolly2011
Kent Huskins,32,D,STL,2011,Stnd (UFA),0,1-way,1,1000000.0,1000000.0,KentHuskins2011
Sami Salo,36,D,VAN,2011,35+ (UFA),0,1-way,1,2000000.0,2000000.0,SamiSalo2011
Eric Belanger,33,C,EDM,2011,Stnd (UFA),0,1-way,3,5250000.0,1750000.0,EricBelanger2011
Ville Leino,27,LW,BUF,2011,Stnd (UFA),0,1-way,6,27000000.0,4500000.0,VilleLeino2011
Christian Ehrhoff,28,LD,BUF,2011,Stnd (UFA),0,1-way,10,40000000.0,4000000.0,ChristianEhrhoff2011
Ed Jovanovski,35,LD,FLA,2011,35+ (UFA),0,1-way,4,16500000.0,4125000.0,EdJovanovski2011
James Wisniewski,27,RD,CBJ,2011,Stnd (UFA),0,1-way,6,33000000.0,5500000.0,JamesWisniewski2011
Steve Sullivan,36,LW,PIT,2011,35+ (UFA),0,1-way,1,1500000.0,1500000.0,SteveSullivan2011
Andreas Lilja,35,LD,PHI,2011,35+ (UFA),0,1-way,2,1475000.0,737500.0,AndreasLilja2011
Jamal Mayers,36,RW,CHI,2011,35+ (UFA),0,1-way,1,550000.0,550000.0,JamalMayers2011
Johan Hedberg,38,G,NJD,2011,35+ (UFA),0,1-way,1,1250000.0,1250000.0,JohanHedberg2011
Mike Commodore,31,D,DET,2011,Stnd (UFA),0,1-way,1,1000000.0,1000000.0,MikeCommodore2011
Benoit Pouliot,24,LW,BOS,2011,Stnd (UFA),0,1-way,1,1100000.0,1100000.0,BenoitPouliot2011
Drew Miller,27,"LW, RW",DET,2011,Stnd (UFA),0,1-way,2,1675000.0,837500.0,DrewMiller2011
Jiri Tlusty,23,C,CAR,2011,Stnd (UFA),0,1-way,1,525000.0,525000.0,JiriTlusty2011
Sheldon Souray,34,D,DAL,2011,Stnd (UFA),0,1-way,1,1650000.0,1650000.0,SheldonSouray2011
Jaromír Jágr,39,RW,PHI,2011,35+ (UFA),0,1-way,1,3300000.0,3300000.0,JaromírJágr2011
Jeff Halpern,35,C,WSH,2011,35+ (UFA),0,1-way,1,825000.0,825000.0,JeffHalpern2011
Darcy Hordichuk,30,LW,EDM,2011,Stnd (UFA),0,1-way,1,825000.0,825000.0,DarcyHordichuk2011
Alex Auld,30,G,OTT,2011,Stnd (UFA),0,1-way,1,1000000.0,1000000.0,AlexAuld2011
Mike Rupp,31,C,NYR,2011,Stnd (UFA),0,1-way,3,4500000.0,1333333.0,MikeRupp2011
Mike Smith,29,G,ARI,2011,Stnd (UFA),0,1-way,2,4000000.0,2000000.0,MikeSmith2011
Boyd Gordon,27,C,ARI,2011,Stnd (UFA),0,1-way,2,2650000.0,1325000.0,BoydGordon2011
Michal Handzus,34,C,SJS,2011,Stnd (UFA),0,1-way,2,5000000.0,2500000.0,MichalHandzus2011
Marty Reasoner,34,C,NYI,2011,Stnd (UFA),0,1-way,2,2700000.0,1350000.0,MartyReasoner2011
Jim Vandermeer,31,LD,SJS,2011,Stnd (UFA),0,1-way,1,1000000.0,1000000.0,JimVandermeer2011
Ben Eager,27,LW,EDM,2011,Stnd (UFA),0,1-way,3,3300000.0,1100000.0,BenEager2011
Matt D'Agostini,24,RW,STL,2011,Stnd (UFA),0,1-way,2,3300000.0,1650000.0,MattDAgostini2011
Alexei Ponikarovsky,31,LW,CAR,2011,Stnd (UFA),0,1-way,1,1500000.0,1500000.0,AlexeiPonikarovsky2011
Michael Ryder,31,RW,DAL,2011,Stnd (UFA),0,1-way,2,7000000.0,3500000.0,MichaelRyder2011
Chuck Kobasew,29,RW,COL,2011,Stnd (UFA),0,1-way,2,2500000.0,1250000.0,ChuckKobasew2011
Jan Hejda,33,D,COL,2011,Stnd (UFA),0,1-way,4,13000000.0,3250000.0,JanHejda2011
Josh Harding,27,G,MIN,2011,Stnd (UFA),0,1-way,1,750000.0,750000.0,JoshHarding2011
Marcel Goc,27,C,FLA,2011,Stnd (UFA),0,1-way,3,5100000.0,1700000.0,MarcelGoc2011
Mathieu Garon,33,G,TBL,2011,Stnd (UFA),0,1-way,2,2600000.0,1300000.0,MathieuGaron2011
Andrew Ebbett,28,C,VAN,2011,Stnd (UFA),0,1-way,1,525000.0,525000.0,AndrewEbbett2011
Daniel Carcillo,26,LW,CHI,2011,Stnd (UFA),0,1-way,1,775000.0,775000.0,DanielCarcillo2011
Sean Bergenheim,27,LW,FLA,2011,Stnd (UFA),0,1-way,4,11000000.0,2750000.0,SeanBergenheim2011
Tomas Fleischmann,27,LW,FLA,2011,Stnd (UFA),0,1-way,4,18000000.0,4500000.0,TomasFleischmann2011
Jean-Sebastien Giguere,34,G,COL,2011,Stnd (UFA),0,1-way,2,2500000.0,1250000.0,Jean-SebastienGiguere2011
Raffi Torres,29,LW,ARI,2011,Stnd (UFA),0,1-way,2,3500000.0,1750000.0,RaffiTorres2011
Joel Ward,30,RW,WSH,2011,Stnd (UFA),0,1-way,4,12000000.0,3000000.0,JoelWard2011
Tanner Glass,27,LW,WPG,2011,Stnd (UFA),0,1-way,1,750000.0,750000.0,TannerGlass2011
Vernon Fiddler,31,"C, LW",DAL,2011,Stnd (UFA),0,1-way,3,5400000.0,1800000.0,VernonFiddler2011
Patrick Eaves,27,"RW, LW",DET,2011,Stnd (UFA),0,1-way,3,3600000.0,1200000.0,PatrickEaves2011
Cody McCormick,28,"C, RW, LW",BUF,2011,Stnd (UFA),0,1-way,3,3600000.0,1200000.0,CodyMcCormick2011
Peter Budaj,28,G,MTL,2011,Stnd (UFA),0,1-way,2,2300000.0,1150000.0,PeterBudaj2011
Andy Greene,28,LD/RD,NJD,2011,Stnd (UFA),0,1-way,4,12000000.0,3000000.0,AndyGreene2011
Scottie Upshall,27,LW,FLA,2011,Stnd (UFA),0,1-way,4,14000000.0,3500000.0,ScottieUpshall2011
Chris Higgins,28,LW,VAN,2011,Stnd (UFA),0,1-way,2,3800000.0,1900000.0,ChrisHiggins2011
Adam Pardy,27,LD,DAL,2011,Stnd (UFA),0,1-way,2,4000000.0,2000000.0,AdamPardy2011
Tim Brent,27,C,CAR,2011,Stnd (UFA),0,1-way,2,1500000.0,750000.0,TimBrent2011
Radim Vrbata,30,RW,ARI,2011,Stnd (UFA),0,1-way,3,9000000.0,3000000.0,RadimVrbata2011
Scott Hannan,32,D,CGY,2011,Stnd (UFA),0,1-way,1,1000000.0,1000000.0,ScottHannan2011
Colin White,33,LD,SJS,2011,Stnd (UFA),0,1-way,1,1000000.0,1000000.0,ColinWhite2011
Trent Hunter,30,RW,LAK,2011,Stnd (UFA),0,1-way,1,600000.0,600000.0,TrentHunter2011
Chris Campoli,27,LD,MTL,2011,Stnd (UFA),0,1-way,1,1750000.0,1750000.0,ChrisCampoli2011
Mike Modano,41,C,DAL,2011,35+ (UFA),0,1-way,1,999999.0,999999.0,MikeModano2011
Teemu Selanne,40,RW,ANA,2011,35+ (UFA),0,1-way,1,4000000.0,4000000.0,TeemuSelanne2011
Kyle Wellwood,28,C,WPG,2011,Stnd (UFA),0,1-way,1,700000.0,700000.0,KyleWellwood2011
Jay Pandolfo,36,LW,NYI,2011,35+ (UFA),0,1-way,1,1400000.0,600000.0,JayPandolfo2011
Ray Emery,28,G,CHI,2011,Stnd (UFA),0,1-way,1,600000.0,600000.0,RayEmery2011
Brad Winchester,30,LW,SJS,2011,Stnd (UFA),0,1-way,1,725000.0,725000.0,BradWinchester2011
Anton Strålman,25,RD,NYR,2011,Stnd (UFA),0,1-way,1,900000.0,900000.0,AntonStrålman2011
Brett Lebda,30,LW,CBJ,2012,Stnd (UFA),0,1-way,1,700000.0,700000.0,BrettLebda2012
Sebastien Caron,31,G,TBL,2012,Stnd (UFA),0,1-way,1,525000.0,525000.0,SebastienCaron2012
Alexander Semin,28,"RW, LW",CAR,2012,Stnd (UFA),0,1-way,1,7000000.0,7000000.0,AlexanderSemin2012
Sergei Kostitsyn,25,"RW, LW",NSH,2012,Stnd (UFA),0,1-way,2,6000000.0,3000000.0,SergeiKostitsyn2012
Daniel Winnik,27,C,ANA,2012,Stnd (UFA),0,1-way,2,3600000.0,1800000.0,DanielWinnik2012
Teemu Selanne,41,RW,ANA,2012,35+ (UFA),0,1-way,1,4500000.0,4500000.0,TeemuSelanne2012
Kyle Wellwood,29,C,WPG,2012,Stnd (UFA),0,1-way,1,1600000.0,1600000.0,KyleWellwood2012
Wojtek Wolski,26,RW,WSH,2012,Stnd (UFA),0,1-way,1,600000.0,600000.0,WojtekWolski2012
Jamie Langenbrunner,36,RW,STL,2012,35+ (UFA),0,1-way,1,1250000.0,1250000.0,JamieLangenbrunner2012
Jeff Halpern,36,C,NYR,2012,35+ (UFA),0,1-way,1,700000.0,700000.0,JeffHalpern2012
Kyle Chipchura,26,"C, RW",ARI,2012,Stnd (UFA),0,1-way,1,675000.0,675000.0,KyleChipchura2012
Derek Joslin,25,LD,VAN,2012,Stnd (UFA),0,1-way,1,750000.0,750000.0,DerekJoslin2012
Krys Barch,32,LW,NJD,2012,Stnd (UFA),0,1-way,2,1500000.0,750000.0,KrysBarch2012
Bruno Gervais,27,D,PHI,2012,Stnd (UFA),0,1-way,2,1650000.0,825000.0,BrunoGervais2012
Ryan Suter,27,LD,MIN,2012,Stnd (UFA),0,1-way,13,98000000.0,7538462.0,RyanSuter2012
Zach Parise,27,LW,MIN,2012,Stnd (UFA),0,1-way,13,98000000.0,7538462.0,ZachParise2012
Matthew Carle,27,LD,TBL,2012,Stnd (UFA),0,1-way,6,33000000.0,5500000.0,MatthewCarle2012
Steve Sullivan,37,LW,ARI,2012,35+ (UFA),0,1-way,1,2600000.0,1850000.0,SteveSullivan2012
Jason Garrison,27,LD,VAN,2012,Stnd (UFA),0,1-way,6,27600000.0,4600000.0,JasonGarrison2012
Al Montoya,27,G,WPG,2012,Stnd (UFA),0,1-way,1,601000.0,601000.0,AlMontoya2012
Bryce Salvador,36,D,NJD,2012,35+ (UFA),0,1-way,3,9500000.0,3166667.0,BryceSalvador2012
Jack Hillen,26,D,WSH,2012,Stnd (UFA),0,1-way,1,650000.0,650000.0,JackHillen2012
Johan Hedberg,39,G,NJD,2012,35+ (UFA),0,1-way,2,2800000.0,1400000.0,JohanHedberg2012
Eric Boulton,35,LW,NYI,2012,35+ (UFA),0,1-way,1,540000.0,540000.0,EricBoulton2012
Jiri Hudler,28,"LW, RW",CGY,2012,Stnd (UFA),0,1-way,4,16000000.0,4000000.0,JiriHudler2012
Martin Brodeur,40,G,NJD,2012,35+ (UFA),0,1-way,2,9000000.0,4500000.0,MartinBrodeur2012
Sami Salo,37,D,TBL,2012,35+ (UFA),0,1-way,2,7500000.0,3750000.0,SamiSalo2012
Filip Kuba,35,D,FLA,2012,35+ (UFA),0,1-way,2,8000000.0,4000000.0,FilipKuba2012
Greg Zanon,32,D,COL,2012,Stnd (UFA),0,1-way,2,4500000.0,2250000.0,GregZanon2012
Aaron Rome,28,D,DAL,2012,Stnd (UFA),0,1-way,3,4500000.0,1500000.0,AaronRome2012
Jordin Tootoo,29,RW,DET,2012,Stnd (UFA),0,1-way,3,4250000.0,1900000.0,JordinTootoo2012
Adam Burish,29,RW,SJS,2012,Stnd (UFA),0,1-way,4,7400000.0,1850000.0,AdamBurish2012
Pierre-Alexandre Parenteau,29,RW,COL,2012,Stnd (UFA),0,1-way,4,16000000.0,4000000.0,Pierre-AlexandreParenteau2012
Mikael Samuelsson,35,RW,DET,2012,35+ (UFA),0,1-way,2,6000000.0,3000000.0,MikaelSamuelsson2012
Chris Mason,36,G,NSH,2012,35+ (UFA),0,1-way,1,1250000.0,1250000.0,ChrisMason2012
Joe Corvo,35,D,CAR,2012,35+ (UFA),0,1-way,1,2000000.0,2000000.0,JoeCorvo2012
Francis Bouillon,36,LD,MTL,2012,35+ (UFA),0,1-way,1,1500000.0,1500000.0,FrancisBouillon2012
Colby Armstrong,29,RW,MTL,2012,Stnd (UFA),0,1-way,1,1000000.0,1000000.0,ColbyArmstrong2012
Benoit Pouliot,25,LW,TBL,2012,Stnd (UFA),0,1-way,1,1800000.0,1800000.0,BenoitPouliot2012
John Mitchell,27,C,COL,2012,Stnd (UFA),0,1-way,2,2200000.0,1100000.0,JohnMitchell2012
Ray Whitney,40,LW,DAL,2012,35+ (UFA),0,1-way,2,9000000.0,4500000.0,RayWhitney2012
Ryan Smyth,36,LW,EDM,2012,35+ (UFA),0,1-way,2,4500000.0,2250000.0,RyanSmyth2012
Darcy Hordichuk,31,LW,EDM,2012,Stnd (UFA),0,1-way,1,850000.0,850000.0,DarcyHordichuk2012
Mike Lundin,27,LD,OTT,2012,Stnd (UFA),0,1-way,1,1150000.0,1150000.0,MikeLundin2012
George Parros,32,RW,FLA,2012,Stnd (UFA),0,1-way,2,1875000.0,937500.0,GeorgeParros2012
Dustin Penner,29,RW,LAK,2012,Stnd (UFA),0,1-way,1,3250000.0,3250000.0,DustinPenner2012
Alexei Ponikarovsky,32,LW,WPG,2012,Stnd (UFA),0,1-way,1,1800000.0,1800000.0,AlexeiPonikarovsky2012
Brad Staubitz,27,RW,ANA,2012,Stnd (UFA),0,1-way,2,1275000.0,637500.0,BradStaubitz2012
Joey Crabb,29,RW,WSH,2012,Stnd (UFA),0,1-way,1,950000.0,950000.0,JoeyCrabb2012
Scott Clemmensen,34,G,FLA,2012,Stnd (UFA),0,1-way,2,2400000.0,1200000.0,ScottClemmensen2012
Matt Carkner,31,D,OTT,2012,Stnd (UFA),0,1-way,3,4500000.0,1500000.0,MattCarkner2012
Stu Bickel,25,"D, RW",NYR,2012,Stnd (UFA),0,1-way,2,1500000.0,750000.0,StuBickel2012
Torrey Mitchell,27,"C, RW",MIN,2012,Stnd (UFA),0,1-way,3,5700000.0,1900000.0,TorreyMitchell2012
Tanner Glass,28,LW,WPG,2012,Stnd (UFA),0,1-way,2,2200000.0,1100000.0,TannerGlass2012
Jay McClement,29,C,TOR,2012,Stnd (UFA),0,1-way,2,3000000.0,1500000.0,JayMcClement2012
John Scott,29,"LW, D",BUF,2012,Stnd (UFA),0,1-way,1,600000.0,600000.0,JohnScott2012
Bryan Allen,31,D,ANA,2012,Stnd (UFA),0,1-way,3,10500000.0,3500000.0,BryanAllen2012
Michael Leighton,31,G,PHI,2012,Stnd (UFA),0,1-way,1,900000.0,900000.0,MichaelLeighton2012
Brian McGrattan,30,RW,NSH,2012,Stnd (UFA),0,1-way,1,600000.0,600000.0,BrianMcGrattan2012
Brad Boyes,30,"RW, C",NYI,2012,Stnd (UFA),0,1-way,1,1000000.0,1000000.0,BradBoyes2012
Brandon Prust,28,"LW, C",MTL,2012,Stnd (UFA),0,1-way,4,10000000.0,2500000.0,BrandonPrust2012
Olli Jokinen,33,C,WPG,2012,Stnd (UFA),0,1-way,2,9000000.0,4500000.0,OlliJokinen2012
Sheldon Souray,35,D,ANA,2012,35+ (UFA),0,1-way,3,11000000.0,3666667.0,SheldonSouray2012
David Moss,30,RW,ARI,2012,Stnd (UFA),0,1-way,2,4200000.0,2100000.0,DavidMoss2012
Scott Hannan,33,D,NSH,2012,Stnd (UFA),0,1-way,1,1000000.0,1000000.0,ScottHannan2012
Bobby Butler,25,RW,NJD,2012,Stnd (UFA),0,1-way,1,525000.0,525000.0,BobbyButler2012
Carlo Colaiacovo,29,LD,DET,2012,Stnd (UFA),0,1-way,2,5000000.0,2500000.0,CarloColaiacovo2012
Shane Doan,35,"RW, LW",ARI,2012,35+ (UFA),0,1-way,4,21200000.0,5300000.0,ShaneDoan2012
Michal Rozsíval,34,RD,CHI,2012,Stnd (UFA),0,1-way,1,2000000.0,2000000.0,MichalRozsíval2012
Steve Eminger,28,D,NYR,2012,Stnd (UFA),0,1-way,1,750000.0,750000.0,SteveEminger2012
Rich Peverley,30,C,BOS,2012,Stnd (UFA),0,1-way,3,9750000.0,3250000.0,RichPeverley2012
Scott Gomez,32,C,SJS,2013,Stnd (UFA),0,1-way,1,700000.0,700000.0,ScottGomez2013
Wade Redden,35,D,STL,2013,35+ (UFA),0,1-way,1,1000000.0,1000000.0,WadeRedden2013
Alexei Kovalev,39,RW,FLA,2013,35+ (UFA),0,1-way,1,1000000.0,1000000.0,AlexeiKovalev2013
Radek Martinek,35,RD,NYI,2013,35+ (UFA),0,1-way,1,600000.0,600000.0,RadekMartinek2013
Kurtis Foster,31,D,PHI,2013,Stnd (UFA),0,1-way,1,950000.0,950000.0,KurtisFoster2013
Cam Barker,26,LD,VAN,2013,Stnd (UFA),0,1-way,1,700000.0,700000.0,CamBarker2013
Dan Ellis,32,G,CAR,2013,Stnd (UFA),0,1-way,1,800000.0,650000.0,DanEllis2013
Eric Fehr,27,"C, RW",WSH,2013,Stnd (UFA),0,1-way,1,600000.0,600000.0,EricFehr2013
Carl Söderberg,27,"C, LW",BOS,2013,Stnd (UFA),0,1-way,3,3025000.0,1008333.0,CarlSöderberg2013
Scott Gomez,33,C,FLA,2013,Stnd (UFA),0,1-way,1,900000.0,900000.0,ScottGomez2013
Nathan Gerbe,25,"LW, RW",CAR,2013,Stnd (UFA),0,1-way,1,550000.0,550000.0,NathanGerbe2013
Paul Ranger,28,LD,TOR,2013,Stnd (UFA),0,1-way,1,1000000.0,1000000.0,PaulRanger2013
Jaromír Jágr,41,RW,NJD,2013,35+ (UFA),0,1-way,1,4000000.0,2000000.0,JaromírJágr2013
Denis Grebeshkov,29,D,EDM,2013,Stnd (UFA),0,1-way,1,1500000.0,1500000.0,DenisGrebeshkov2013
Dustin Penner,30,RW,ANA,2013,Stnd (UFA),0,1-way,1,2000000.0,2000000.0,DustinPenner2013
Matt D'Agostini,26,RW,PIT,2013,Stnd (UFA),0,1-way,1,550000.0,550000.0,MattDAgostini2013
Marek Zidlicky,36,RD,NJD,2013,35+ (UFA),0,1-way,1,4000000.0,3000000.0,MarekZidlicky2013
Joe Corvo,36,D,OTT,2013,35+ (UFA),0,1-way,1,900000.0,900000.0,JoeCorvo2013
Ryan Jones,29,LW,EDM,2013,Stnd (UFA),0,1-way,1,1500000.0,1500000.0,RyanJones2013
Derek Roy,30,C,STL,2013,Stnd (UFA),0,1-way,1,4000000.0,4000000.0,DerekRoy2013
Adam Pardy,29,LD,WPG,2013,Stnd (UFA),0,1-way,1,600000.0,600000.0,AdamPardy2013
Mike Ribeiro,33,C,ARI,2013,Stnd (UFA),0,1-way,4,22000000.0,5500000.0,MikeRibeiro2013
Matt Cooke,34,LW,MIN,2013,Stnd (UFA),0,1-way,3,7500000.0,2500000.0,MattCooke2013
Stephen Weiss,30,C,DET,2013,Stnd (UFA),0,1-way,5,24500000.0,4900000.0,StephenWeiss2013
Viktor Stalberg,27,"LW, RW",NSH,2013,Stnd (UFA),0,1-way,4,12000000.0,3000000.0,ViktorStalberg2013
Eric Nystrom,30,"LW, RW",NSH,2013,Stnd (UFA),0,1-way,4,10000000.0,2500000.0,EricNystrom2013
Valtteri Filppula,29,"C, LW",TBL,2013,Stnd (UFA),0,1-way,5,25000000.0,5000000.0,ValtteriFilppula2013
Nathan Horton,28,RW,CBJ,2013,Stnd (UFA),0,1-way,7,37100000.0,5300000.0,NathanHorton2013
Tyler Bozak,27,"C, RW",TOR,2013,Stnd (UFA),0,1-way,5,21000000.0,4200000.0,TylerBozak2013
Rob Scuderi,34,LD,PIT,2013,Stnd (UFA),0,1-way,4,13500000.0,3375000.0,RobScuderi2013
Michal Handzus,36,C,CHI,2013,35+ (UFA),0,1-way,1,1000000.0,1000000.0,MichalHandzus2013
Ray Emery,30,G,PHI,2013,Stnd (UFA),0,1-way,1,1650000.0,1650000.0,RayEmery2013
Rostislav Olesz,27,LW,NJD,2013,Stnd (UFA),0,1-way,1,1000000.0,1000000.0,RostislavOlesz2013
Mike Komisarek,31,RD,CAR,2013,Stnd (UFA),0,1-way,1,700000.0,700000.0,MikeKomisarek2013
Clarke MacArthur,28,LW,OTT,2013,Stnd (UFA),0,1-way,2,6500000.0,3250000.0,ClarkeMacArthur2013
Ryane Clowe,30,"LW, RW",NJD,2013,Stnd (UFA),0,1-way,5,24250000.0,4850000.0,RyaneClowe2013
Andrew Ference,34,RD,EDM,2013,Stnd (UFA),0,1-way,4,13000000.0,3250000.0,AndrewFerence2013
Yannick Weber,24,RD,VAN,2013,Stnd (UFA),0,1-way,1,650000.0,650000.0,YannickWeber2013
Jeff Schultz,27,LD,LAK,2013,Stnd (UFA),0,1-way,1,700000.0,700000.0,JeffSchultz2013
Keith Ballard,30,D,MIN,2013,Stnd (UFA),0,1-way,2,3000000.0,1500000.0,KeithBallard2013
Dominic Moore,32,"C, LW",NYR,2013,Stnd (UFA),0,1-way,1,1000000.0,1000000.0,DominicMoore2013
Adam Hall,32,RW,PHI,2013,Stnd (UFA),0,1-way,1,600000.0,600000.0,AdamHall2013
Jarome Iginla,36,RW,BOS,2013,35+ (UFA),0,1-way,1,6000000.0,1800000.0,JaromeIginla2013
Jason LaBarbera,33,G,EDM,2013,Stnd (UFA),0,1-way,1,1000000.0,1000000.0,JasonLaBarbera2013
Matt Hendricks,32,"RW, C, LW",NSH,2013,Stnd (UFA),0,1-way,4,7400000.0,1850000.0,MattHendricks2013
Chad Johnson,27,G,BOS,2013,Stnd (UFA),0,1-way,1,600000.0,600000.0,ChadJohnson2013
Boyd Gordon,29,C,EDM,2013,Stnd (UFA),0,1-way,3,9000000.0,3000000.0,BoydGordon2013
Kent Huskins,34,D,PHI,2013,Stnd (UFA),0,1-way,1,750000.0,750000.0,KentHuskins2013
Maxim Lapierre,28,C,STL,2013,Stnd (UFA),0,1-way,2,2200000.0,1100000.0,MaximLapierre2013
Peter Regin,27,C,NYI,2013,Stnd (UFA),0,1-way,1,750000.0,750000.0,PeterRegin2013
Michael Ryder,33,RW,NJD,2013,Stnd (UFA),0,1-way,2,7000000.0,3500000.0,MichaelRyder2013
Trevor Smith,28,C,TOR,2013,Stnd (UFA),0,1-way,1,550000.0,550000.0,TrevorSmith2013
Aaron Johnson,30,D,NYR,2013,Stnd (UFA),0,1-way,1,600000.0,600000.0,AaronJohnson2013
Jesse Joensuu,25,LW,EDM,2013,Stnd (UFA),0,1-way,2,1900000.0,950000.0,JesseJoensuu2013
Scott Hannan,34,D,SJS,2013,Stnd (UFA),0,1-way,1,1000000.0,1000000.0,ScottHannan2013
Joey Crabb,30,RW,FLA,2013,Stnd (UFA),0,1-way,2,1200000.0,600000.0,JoeyCrabb2013
Pierre-Marc Bouchard,29,RW,NYI,2013,Stnd (UFA),0,1-way,1,2000000.0,2000000.0,Pierre-MarcBouchard2013
Matt Cullen,36,"C, LW",NSH,2013,35+ (UFA),0,1-way,2,7000000.0,3500000.0,MattCullen2013
Thomas Greiss,27,G,ARI,2013,Stnd (UFA),0,1-way,1,750000.0,750000.0,ThomasGreiss2013
Daniel Alfredsson,40,RW,DET,2013,35+ (UFA),0,1-way,1,5500000.0,3500000.0,DanielAlfredsson2013
Brad Richardson,28,C,VAN,2013,Stnd (UFA),0,1-way,2,2300000.0,1150000.0,BradRichardson2013
T.J. Brennan,24,LD,TOR,2013,Stnd (UFA),0,1-way,1,600000.0,600000.0,T.J.Brennan2013
Craig Adams,36,RW,PIT,2013,35+ (UFA),0,1-way,2,1400000.0,700000.0,CraigAdams2013
Michal Rozsíval,34,RD,CHI,2013,Stnd (UFA),0,1-way,2,4400000.0,2200000.0,MichalRozsíval2013
Anton Khudobin,27,G,CAR,2013,Stnd (UFA),0,1-way,1,800000.0,800000.0,AntonKhudobin2013
Chris Summers,25,LD,ARI,2013,Stnd (UFA),0,1-way,1,550000.0,550000.0,ChrisSummers2013
André Benoît,29,LD,COL,2013,Stnd (UFA),0,1-way,1,900000.0,900000.0,AndréBenoît2013
Kyle Chipchura,27,"C, RW",ARI,2013,Stnd (UFA),0,1-way,3,2625000.0,875000.0,KyleChipchura2013
Patrik Elias,37,"C, LW",NJD,2013,35+ (UFA),0,1-way,3,16500000.0,5500000.0,PatrikElias2013
Daniel Brière,35,C,MTL,2013,35+ (UFA),0,1-way,2,8000000.0,4000000.0,DanielBrière2013
Al Montoya,28,G,WPG,2013,Stnd (UFA),0,1-way,1,601000.0,601000.0,AlMontoya2013
Keaton Ellerby,24,D,LAK,2013,Stnd (UFA),0,1-way,1,735000.0,735000.0,KeatonEllerby2013
Brian McGrattan,31,RW,CGY,2013,Stnd (UFA),0,1-way,2,1500000.0,750000.0,BrianMcGrattan2013
Grant Clitsome,28,LD,WPG,2013,Stnd (UFA),0,1-way,3,6200000.0,2066667.0,GrantClitsome2013
Jordan Leopold,32,D,STL,2013,Stnd (UFA),0,1-way,2,4500000.0,2250000.0,JordanLeopold2013
Vincent Lecavalier,33,"C, LW",PHI,2013,Stnd (UFA),0,1-way,5,22500000.0,4500000.0,VincentLecavalier2013
Pascal Dupuis,34,"RW, LW",PIT,2013,Stnd (UFA),0,1-way,4,15000000.0,3750000.0,PascalDupuis2013
Dainius Zubrus,35,LW,NJD,2013,35+ (UFA),0,1-way,3,9300000.0,3100000.0,DainiusZubrus2013
Benoit Pouliot,26,LW,NYR,2013,Stnd (UFA),0,1-way,1,1300000.0,1300000.0,BenoitPouliot2013
Bryan Bickell,27,LW,CHI,2013,Stnd (UFA),0,1-way,4,16000000.0,4000000.0,BryanBickell2013
Pierre-Cédric Labrie,26,LW,TBL,2013,Stnd (UFA),0,1-way,1,625000.0,625000.0,Pierre-CédricLabrie2013
Peter Harrold,30,"RD, RW",NJD,2013,Stnd (UFA),0,1-way,2,1600000.0,800000.0,PeterHarrold2013
Teemu Selanne,42,RW,ANA,2013,35+ (UFA),0,1-way,1,2000000.0,2000000.0,TeemuSelanne2013
Mikhail Grabovski,29,"C, RW",WSH,2013,Stnd (UFA),0,1-way,1,3000000.0,3000000.0,MikhailGrabovski2013
Andrew Alberts,32,D,VAN,2013,Stnd (UFA),0,1-way,1,600000.0,600000.0,AndrewAlberts2013
Douglas Murray,33,D,MTL,2013,Stnd (UFA),0,1-way,1,1500000.0,1500000.0,DouglasMurray2013
Mark Fistric,27,D,ANA,2013,Stnd (UFA),0,1-way,1,900000.0,900000.0,MarkFistric2013
Blake Comeau,27,"RW, LW",CBJ,2013,Stnd (UFA),0,1-way,1,1000000.0,1000000.0,BlakeComeau2013
Tim Thomas,39,G,FLA,2013,35+ (UFA),0,1-way,1,3750000.0,2500000.0,TimThomas2013
Brenden Morrow,34,LW,STL,2013,Stnd (UFA),0,1-way,1,1500000.0,1500000.0,BrendenMorrow2013
Mason Raymond,28,LW,TOR,2013,Stnd (UFA),0,1-way,1,1000000.0,1000000.0,MasonRaymond2013
Ryan Whitney,30,D,FLA,2013,Stnd (UFA),0,1-way,1,900000.0,900000.0,RyanWhitney2013
Ron Hainsey,32,RD,CAR,2013,Stnd (UFA),0,1-way,1,2000000.0,2000000.0,RonHainsey2013
Daniel Cleary,34,RW,DET,2013,Stnd (UFA),0,1-way,1,1750000.0,1750000.0,DanielCleary2013
Tom Gilbert,30,RD,FLA,2013,Stnd (UFA),0,1-way,1,900000.0,900000.0,TomGilbert2013
Radek Martinek,36,RD,NYI,2013,35+ (UFA),0,1-way,1,600000.0,600000.0,RadekMartinek2013
Chuck Kobasew,31,RW,PIT,2013,Stnd (UFA),0,1-way,1,550000.0,550000.0,ChuckKobasew2013
Hal Gill,38,D,PHI,2013,35+ (UFA),0,1-way,1,700000.0,700000.0,HalGill2013
Brad Boyes,31,"RW, C",FLA,2013,Stnd (UFA),0,1-way,1,1000000.0,1000000.0,BradBoyes2013
Carlo Colaiacovo,30,LD,STL,2013,Stnd (UFA),0,1-way,1,750000.0,750000.0,CarloColaiacovo2013
Ilya Bryzgalov,33,G,EDM,2013,Stnd (UFA),0,1-way,1,2000000.0,2000000.0,IlyaBryzgalov2013
Joakim Lindstrom,30,C,STL,2014,Stnd (UFA),0,1-way,1,700000.0,700000.0,JoakimLindstrom2014
Daniel Winnik,29,C,TOR,2014,Stnd (UFA),0,1-way,1,1300000.0,1300000.0,DanielWinnik2014
Lee Stempniak,31,RW,NYR,2014,Stnd (UFA),0,1-way,1,900000.0,900000.0,LeeStempniak2014
André Benoît,30,LD,BUF,2014,Stnd (UFA),0,1-way,1,800000.0,800000.0,AndréBenoît2014
David Booth,29,LW,TOR,2014,Stnd (UFA),0,1-way,1,1100000.0,1100000.0,DavidBooth2014
Matthew Lombardi,32,C,NYR,2014,Stnd (UFA),0,1-way,2,1600000.0,800000.0,MatthewLombardi2014
Mike Ribeiro,34,C,NSH,2014,Stnd (UFA),0,1-way,1,1050000.0,1050000.0,MikeRibeiro2014
Derek Roy,31,C,NSH,2014,Stnd (UFA),0,1-way,1,1000000.0,1000000.0,DerekRoy2014
Brenden Morrow,35,LW,TBL,2014,35+ (UFA),0,1-way,1,1550000.0,1550000.0,BrendenMorrow2014
David Moss,32,RW,ARI,2014,Stnd (UFA),0,1-way,1,800000.0,800000.0,DavidMoss2014
Scott Hannan,35,D,SJS,2014,35+ (UFA),0,1-way,1,1000000.0,1000000.0,ScottHannan2014
Daniel Cleary,35,RW,DET,2014,35+ (UFA),0,1-way,1,2500000.0,1500000.0,DanielCleary2014
Trevor Smith,29,C,TOR,2014,Stnd (UFA),0,1-way,1,550000.0,550000.0,TrevorSmith2014
Steve Ott,31,"C, LW",STL,2014,Stnd (UFA),0,1-way,2,5200000.0,2600000.0,SteveOtt2014
Dany Heatley,33,LW,ANA,2014,Stnd (UFA),0,1-way,1,1000000.0,1000000.0,DanyHeatley2014
Maxim Noreau,27,RD,COL,2014,Stnd (UFA),0,1-way,2,1250000.0,625000.0,MaximNoreau2014
Anton Volchenkov,32,D,NSH,2014,Stnd (UFA),0,1-way,1,1000000.0,1000000.0,AntonVolchenkov2014
Jussi Rynnas,27,G,DAL,2014,Stnd (UFA),0,1-way,2,1125000.0,562500.0,JussiRynnas2014
David Legwand,33,"C, LW",OTT,2014,Stnd (UFA),0,1-way,2,6000000.0,3000000.0,DavidLegwand2014
Radim Vrbata,33,RW,VAN,2014,Stnd (UFA),0,1-way,2,10000000.0,5000000.0,RadimVrbata2014
Tim Gleason,31,D,CAR,2014,Stnd (UFA),0,1-way,1,1200000.0,1200000.0,TimGleason2014
Paul Byron,25,"LW, RW",CGY,2014,Stnd (UFA),0,1-way,1,600000.0,600000.0,PaulByron2014
Troy Bodie,29,RW,TOR,2014,Stnd (UFA),0,1-way,1,600000.0,600000.0,TroyBodie2014
Vernon Fiddler,34,"C, LW",DAL,2014,Stnd (UFA),0,1-way,2,2500000.0,1250000.0,VernonFiddler2014
Mike Santorelli,28,"C, RW",TOR,2014,Stnd (UFA),0,1-way,1,1500000.0,1500000.0,MikeSantorelli2014
Mikhail Grabovski,30,"C, RW",NYI,2014,Stnd (UFA),0,1-way,4,20000000.0,5000000.0,MikhailGrabovski2014
Nick Schultz,31,LD,PHI,2014,Stnd (UFA),0,1-way,1,1250000.0,1250000.0,NickSchultz2014
Jay McClement,31,C,CAR,2014,Stnd (UFA),0,1-way,1,1000000.0,1000000.0,JayMcClement2014
Steve Downie,27,"RW, LW",PIT,2014,Stnd (UFA),0,1-way,1,1000000.0,1000000.0,SteveDownie2014
Olli Jokinen,35,C,NSH,2014,35+ (UFA),0,1-way,1,2500000.0,2500000.0,OlliJokinen2014
John Scott,31,"LW, D",SJS,2014,Stnd (UFA),0,1-way,1,700000.0,700000.0,JohnScott2014
Nikolai Kulemin,27,"LW, RW",NYI,2014,Stnd (UFA),0,1-way,4,16750000.0,4187500.0,NikolaiKulemin2014
Matt Niskanen,27,RD,WSH,2014,Stnd (UFA),0,1-way,7,40250000.0,5750000.0,MattNiskanen2014
Thomas Vanek,30,"LW, RW",MIN,2014,Stnd (UFA),0,1-way,3,19500000.0,6500000.0,ThomasVanek2014
Mason Raymond,28,LW,CGY,2014,Stnd (UFA),0,1-way,3,9450000.0,3150000.0,MasonRaymond2014
Benoit Pouliot,27,LW,EDM,2014,Stnd (UFA),0,1-way,5,20000000.0,4000000.0,BenoitPouliot2014
Mike Cammalleri,32,"LW, C",NJD,2014,Stnd (UFA),0,1-way,5,25000000.0,5000000.0,MikeCammalleri2014
Jussi Jokinen,31,"LW, RW",FLA,2014,Stnd (UFA),0,1-way,4,16000000.0,4000000.0,JussiJokinen2014
Brooks Orpik,33,LD,WSH,2014,Stnd (UFA),0,1-way,5,27500000.0,5500000.0,BrooksOrpik2014
Dan Boyle,37,LD,NYR,2014,35+ (UFA),0,1-way,2,9000000.0,4500000.0,DanBoyle2014
Willie Mitchell,37,LD,FLA,2014,35+ (UFA),0,1-way,2,8500000.0,4250000.0,WillieMitchell2014
Jori Lehterä,26,"LW, C",STL,2014,Stnd (UFA),0,1-way,2,5500000.0,2750000.0,JoriLehterä2014
Brian Gionta,35,RW,BUF,2014,35+ (UFA),0,1-way,3,12750000.0,4250000.0,BrianGionta2014
Dave Bolland,28,C,FLA,2014,Stnd (UFA),0,1-way,5,27500000.0,5500000.0,DaveBolland2014
Dominic Moore,33,"C, LW",NYR,2014,Stnd (UFA),0,1-way,2,3000000.0,1500000.0,DominicMoore2014
Ryan Miller,33,G,VAN,2014,Stnd (UFA),0,1-way,3,18000000.0,6000000.0,RyanMiller2014
Matt Moulson,30,LW,BUF,2014,Stnd (UFA),0,1-way,5,25000000.0,5000000.0,MattMoulson2014
Mike Weaver,36,D,MTL,2014,35+ (UFA),0,1-way,1,1750000.0,1750000.0,MikeWeaver2014
Nikolai Khabibulin,40,G,CHI,2014,35+ (UFA),0,1-way,1,1700000.0,1700000.0,NikolaiKhabibulin2014
Keith Aulie,25,D,EDM,2014,Stnd (UFA),0,1-way,1,800000.0,800000.0,KeithAulie2014
Ray Emery,31,G,PHI,2014,Stnd (UFA),0,1-way,1,1000000.0,1000000.0,RayEmery2014
Brad Richards,34,"C, LW",CHI,2014,Stnd (UFA),0,1-way,1,2000000.0,2000000.0,BradRichards2014
Christian Ehrhoff,31,LD,PIT,2014,Stnd (UFA),0,1-way,1,4000000.0,4000000.0,ChristianEhrhoff2014
Paul Stastny,28,"C, LW",STL,2014,Stnd (UFA),0,1-way,4,28000000.0,7000000.0,PaulStastny2014
Jarome Iginla,37,RW,COL,2014,35+ (UFA),0,1-way,3,16000000.0,5333333.0,JaromeIginla2014
Martin Havlat,33,LW,NJD,2014,Stnd (UFA),0,1-way,1,1500000.0,1500000.0,MartinHavlat2014
Jeff Schultz,28,LD,LAK,2014,Stnd (UFA),0,1-way,2,1700000.0,850000.0,JeffSchultz2014
Blake Comeau,28,"RW, LW",PIT,2014,Stnd (UFA),0,1-way,1,700000.0,700000.0,BlakeComeau2014
Brian Boyle,29,"LW, C",TBL,2014,Stnd (UFA),0,1-way,3,6000000.0,2000000.0,BrianBoyle2014
Al Montoya,29,G,FLA,2014,Stnd (UFA),0,1-way,2,2100000.0,1050000.0,AlMontoya2014
Shawn Thornton,36,"LW, RW",FLA,2014,35+ (UFA),0,1-way,2,2400000.0,1200000.0,ShawnThornton2014
Derek MacKenzie,33,"C, LW",FLA,2014,Stnd (UFA),0,1-way,3,3900000.0,1300000.0,DerekMacKenzie2014
Jonas Hiller,32,G,CGY,2014,Stnd (UFA),0,1-way,2,9000000.0,4500000.0,JonasHiller2014
Deryk Engelland,32,RD,CGY,2014,Stnd (UFA),0,1-way,3,8750000.0,2916667.0,DerykEngelland2014
Chad Johnson,28,G,NYI,2014,Stnd (UFA),0,1-way,2,2600000.0,1300000.0,ChadJohnson2014
Devin Setoguchi,26,RW,CGY,2014,Stnd (UFA),0,1-way,1,750000.0,750000.0,DevinSetoguchi2014
Ryan White,26,C,PHI,2014,Stnd (UFA),0,1-way,1,575000.0,575000.0,RyanWhite2014
TJ Galiardi,26,LW,WPG,2014,Stnd (UFA),0,1-way,1,750000.0,700000.0,TJGaliardi2014
Ryan Malone,34,LW,NYR,2014,Stnd (UFA),0,1-way,1,700000.0,700000.0,RyanMalone2014
Simon Gagne,34,RW,BOS,2014,Stnd (UFA),0,1-way,1,600000.0,600000.0,SimonGagne2014
Shane O'Brien,31,LD,FLA,2014,Stnd (UFA),0,1-way,1,650000.0,650000.0,ShaneOBrien2014
Raphael Diaz,28,RD,CGY,2014,Stnd (UFA),0,1-way,1,700000.0,700000.0,RaphaelDiaz2014
Daniel Carcillo,29,LW,CHI,2014,Stnd (UFA),0,1-way,1,550000.0,550000.0,DanielCarcillo2014
Ilya Bryzgalov,34,G,ANA,2014,Stnd (UFA),0,1-way,1,2880000.0,2880000.0,IlyaBryzgalov2014
Martin Brodeur,42,G,STL,2014,35+ (UFA),0,1-way,1,700000.0,700000.0,MartinBrodeur2014
Steve Moses,25,RW,NSH,2015,Stnd (UFA),0,1-way,1,1000000.0,1000000.0,SteveMoses2015
Yevgeni Medvedev,32,RD,PHI,2015,Stnd (UFA),0,1-way,1,3000000.0,3000000.0,YevgeniMedvedev2015
Eric Fehr,29,"C, RW",PIT,2015,Stnd (UFA),0,1-way,3,6000000.0,2000000.0,EricFehr2015
Alexander Semin,31,"RW, LW",MTL,2015,Stnd (UFA),0,1-way,1,1100000.0,1100000.0,AlexanderSemin2015
Johnny Oduya,33,LD,DAL,2015,Stnd (UFA),0,1-way,2,7500000.0,3750000.0,JohnnyOduya2015
Chris Stewart,27,"RW, LW",ANA,2015,Stnd (UFA),0,1-way,1,1700000.0,1700000.0,ChrisStewart2015
Matt Irwin,27,LD/RD,BOS,2015,Stnd (UFA),0,1-way,1,800000.0,800000.0,MattIrwin2015
John Scott,32,"LW, D",ARI,2015,Stnd (UFA),0,1-way,1,575000.0,575000.0,JohnScott2015
Shawn Matthias,27,"C, LW",TOR,2015,Stnd (UFA),0,1-way,1,2300000.0,2300000.0,ShawnMatthias2015
Andrew Desjardins,28,C,CHI,2015,Stnd (UFA),0,1-way,2,1600000.0,800000.0,AndrewDesjardins2015
Carlo Colaiacovo,32,LD,BUF,2015,Stnd (UFA),0,1-way,1,900000.0,900000.0,CarloColaiacovo2015
Jayson Megna,25,"C, LW, RW",NYR,2015,Stnd (UFA),0,1-way,1,600000.0,600000.0,JaysonMegna2015
Kyle Brodziak,31,C,STL,2015,Stnd (UFA),0,1-way,1,900000.0,900000.0,KyleBrodziak2015
Mark Letestu,30,"C, RW",EDM,2015,Stnd (UFA),0,1-way,3,5400000.0,1800000.0,MarkLetestu2015
Korbinian Holzer,27,RD,ANA,2015,Stnd (UFA),0,1-way,1,750000.0,750000.0,KorbinianHolzer2015
Steve Downie,28,"RW, LW",ARI,2015,Stnd (UFA),0,1-way,1,1750000.0,1750000.0,SteveDownie2015
Blake Comeau,29,"RW, LW",COL,2015,Stnd (UFA),0,1-way,3,7200000.0,2400000.0,BlakeComeau2015
Mark Arcobello,26,"C, RW",TOR,2015,Stnd (UFA),0,1-way,1,1100000.0,1100000.0,MarkArcobello2015
Karri Ramo,28,G,CGY,2015,Stnd (UFA),0,1-way,1,3800000.0,3800000.0,KarriRamo2015
Andrej Sekera,29,LD/RD,EDM,2015,Stnd (UFA),0,1-way,6,33000000.0,5500000.0,AndrejSekera2015
Gregory Campbell,31,"C, LW",CBJ,2015,Stnd (UFA),0,1-way,2,3000000.0,1500000.0,GregoryCampbell2015
Barret Jackman,34,LD,NSH,2015,Stnd (UFA),0,1-way,2,4000000.0,2000000.0,BarretJackman2015
Antoine Vermette,32,"C, LW",ARI,2015,Stnd (UFA),0,1-way,2,7500000.0,3750000.0,AntoineVermette2015
Francois Beauchemin,35,LD,COL,2015,35+ (UFA),0,1-way,3,13500000.0,4500000.0,FrancoisBeauchemin2015
Paul Martin,34,LD,SJS,2015,Stnd (UFA),0,1-way,4,19400000.0,4850000.0,PaulMartin2015
Brad Richards,35,"C, LW",DET,2015,35+ (UFA),0,1-way,1,4000000.0,3000000.0,BradRichards2015
Shawn Horcoff,36,C,ANA,2015,35+ (UFA),0,1-way,1,1750000.0,1750000.0,ShawnHorcoff2015
Mike Ribeiro,35,C,NSH,2015,35+ (UFA),0,1-way,2,7000000.0,3500000.0,MikeRibeiro2015
Viktor Stalberg,29,"LW, RW",NYR,2015,Stnd (UFA),0,1-way,1,1100000.0,1100000.0,ViktorStalberg2015
Cody Hodgson,25,"C, RW",NSH,2015,Stnd (UFA),0,1-way,1,1050000.0,1050000.0,CodyHodgson2015
Matt Beleskey,27,LW,BOS,2015,Stnd (UFA),0,1-way,5,19000000.0,3800000.0,MattBeleskey2015
Mike Green,29,RD,DET,2015,Stnd (UFA),0,1-way,3,18000000.0,6000000.0,MikeGreen2015
Richard Bachman,27,G,VAN,2015,Stnd (UFA),0,1-way,2,1150000.0,575000.0,RichardBachman2015
Pierre-Alexandre Parenteau,32,RW,TOR,2015,Stnd (UFA),0,1-way,1,1500000.0,1500000.0,Pierre-AlexandreParenteau2015
Viktor Tikhonov,27,"C, RW",CHI,2015,Stnd (UFA),0,1-way,1,1040000.0,1040000.0,ViktorTikhonov2015
Taylor Chorney,28,RD,WSH,2015,Stnd (UFA),0,1-way,1,700000.0,700000.0,TaylorChorney2015
Adam Pardy,31,LD,WPG,2015,Stnd (UFA),0,1-way,1,1000000.0,1000000.0,AdamPardy2015
Justin Williams,33,RW,WSH,2015,Stnd (UFA),0,1-way,2,6500000.0,3250000.0,JustinWilliams2015
Yannick Weber,26,RD,VAN,2015,Stnd (UFA),0,1-way,1,1500000.0,1500000.0,YannickWeber2015
Matt Bartkowski,27,RD,VAN,2015,Stnd (UFA),0,1-way,1,1750000.0,1750000.0,MattBartkowski2015
Daniel Winnik,30,C,TOR,2015,Stnd (UFA),0,1-way,2,4500000.0,2250000.0,DanielWinnik2015
Matt Hunwick,30,LD,TOR,2015,Stnd (UFA),0,1-way,2,2400000.0,1200000.0,MattHunwick2015
Christian Ehrhoff,32,LD,LAK,2015,Stnd (UFA),0,1-way,1,1500000.0,1500000.0,ChristianEhrhoff2015
Mike Santorelli,29,"C, RW",ANA,2015,Stnd (UFA),0,1-way,1,875000.0,875000.0,MikeSantorelli2015
Jarret Stoll,33,C,NYR,2015,Stnd (UFA),0,1-way,1,800000.0,800000.0,JarretStoll2015
Matt Cullen,38,"C, LW",PIT,2015,35+ (UFA),0,1-way,1,800000.0,800000.0,MattCullen2015
Brad Boyes,33,"RW, C",TOR,2015,Stnd (UFA),0,1-way,1,700000.0,700000.0,BradBoyes2015
Michal Rozsíval,36,RD,CHI,2015,35+ (UFA),0,1-way,1,800000.0,600000.0,MichalRozsíval2015
Marek Zidlicky,38,RD,NYI,2015,35+ (UFA),0,1-way,1,2839990.0,1500000.0,MarekZidlicky2015
Steve Bernier,30,RW,NYI,2015,Stnd (UFA),0,1-way,1,750000.0,750000.0,SteveBernier2015
Jiri Tlusty,27,C,NJD,2015,Stnd (UFA),0,1-way,1,800000.0,800000.0,JiriTlusty2015
Cody Franson,27,RD,BUF,2015,Stnd (UFA),0,1-way,2,6650000.0,3325000.0,CodyFranson2015
David Schlemko,28,LD,NJD,2015,Stnd (UFA),0,1-way,1,625000.0,625000.0,DavidSchlemko2015
Daniel Cleary,36,RW,DET,2015,35+ (UFA),0,1-way,1,950000.0,950000.0,DanielCleary2015
Kyle Cumiskey,28,LD,CHI,2015,Stnd (UFA),0,1-way,1,575000.0,575000.0,KyleCumiskey2015
Eric Boulton,38,LW,NYI,2015,35+ (UFA),0,1-way,1,675000.0,575000.0,EricBoulton2015
Thomas Raffl,29,"LW, RW",WPG,2015,Stnd (UFA),0,1-way,1,575000.0,575000.0,ThomasRaffl2015
Tomas Fleischmann,31,LW,MTL,2015,Stnd (UFA),0,1-way,1,750000.0,750000.0,TomasFleischmann2015
Jonas Gustavsson,30,G,BOS,2015,Stnd (UFA),0,1-way,1,700000.0,700000.0,JonasGustavsson2015
Lee Stempniak,32,RW,NJD,2015,Stnd (UFA),0,1-way,1,850000.0,850000.0,LeeStempniak2015
Dainius Zubrus,37,LW,SJS,2015,35+ (UFA),0,1-way,1,600000.0,600000.0,DainiusZubrus2015
Mike Richards,30,C,WSH,2016,Stnd (UFA),0,1-way,1,1000000.0,1000000.0,MikeRichards2016
Scott Gomez,35,C,OTT,2016,35+ (UFA),0,1-way,1,575000.0,575000.0,ScottGomez2016
Ray Emery,33,G,PHI,2016,Stnd (UFA),0,1-way,1,575000.0,600000.0,RayEmery2016
Lars Johansson,28,G,CHI,2016,Stnd (UFA),0,1-way,1,575000.0,575000.0,LarsJohansson2016
Matthew Carle,31,LD,NSH,2016,Stnd (UFA),0,1-way,1,700000.0,700000.0,MatthewCarle2016
Luke Schenn,26,RD,ARI,2016,Stnd (UFA),0,1-way,2,2500000.0,1250000.0,LukeSchenn2016
Cory Conacher,26,LW,TBL,2016,Stnd (UFA),0,1-way,1,575000.0,575000.0,CoryConacher2016
Justin Schultz,26,RD,PIT,2016,Stnd (UFA),0,1-way,1,1400000.0,1400000.0,JustinSchultz2016
Shane Doan,39,"RW, LW",ARI,2016,35+ (UFA),0,1-way,1,4839572.0,3876134.0,ShaneDoan2016
Korbinian Holzer,28,RD,ANA,2016,Stnd (UFA),0,1-way,1,700000.0,700000.0,KorbinianHolzer2016
Chris Kelly,35,"C, LW",OTT,2016,35+ (UFA),0,1-way,1,900000.0,900000.0,ChrisKelly2016
Jared Boll,30,RW,ANA,2016,Stnd (UFA),0,1-way,2,1800000.0,900000.0,JaredBoll2016
Jordin Tootoo,33,RW,CHI,2016,Stnd (UFA),0,1-way,1,750000.0,750000.0,JordinTootoo2016
Jason Demers,28,RD,FLA,2016,Stnd (UFA),0,1-way,5,22500000.0,4500000.0,JasonDemers2016
Pierre-Alexandre Parenteau,33,RW,NYI,2016,Stnd (UFA),0,1-way,1,1250000.0,1250000.0,Pierre-AlexandreParenteau2016
Roman Polák,30,RD,TOR,2016,Stnd (UFA),0,1-way,1,2250000.0,2250000.0,RomanPolák2016
Frans Nielsen,32,"C, LW",DET,2016,Stnd (UFA),0,1-way,6,31500000.0,5250000.0,FransNielsen2016
Darren Helm,29,"C, LW, RW",DET,2016,Stnd (UFA),0,1-way,5,19250000.0,3850000.0,DarrenHelm2016
David Schlemko,29,LD,SJS,2016,Stnd (UFA),0,1-way,4,8400000.0,2100000.0,DavidSchlemko2016
Justin Falk,27,LD,BUF,2016,Stnd (UFA),0,1-way,1,650000.0,650000.0,JustinFalk2016
Nathan Gerbe,28,"LW, RW",NYR,2016,Stnd (UFA),0,1-way,1,600000.0,600000.0,NathanGerbe2016
Devante Smith-Pelly,24,"RW, LW",NJD,2016,Stnd (UFA),0,1-way,2,2600000.0,1300000.0,DevanteSmith-Pelly2016
Troy Brouwer,30,"LW, RW",CGY,2016,Stnd (UFA),0,1-way,4,18000000.0,4500000.0,TroyBrouwer2016
John-Michael Liles,35,LD,BOS,2016,35+ (UFA),0,1-way,1,2250000.0,2000000.0,John-MichaelLiles2016
Eric Staal,31,C,MIN,2016,Stnd (UFA),0,1-way,3,10500000.0,3500000.0,EricStaal2016
Dan Hamhuis,33,LD,DAL,2016,Stnd (UFA),0,1-way,2,7500000.0,3750000.0,DanHamhuis2016
Loui Eriksson,30,"LW, RW",VAN,2016,Stnd (UFA),0,1-way,6,36000000.0,6000000.0,LouiEriksson2016
David Backes,32,"C, RW",BOS,2016,Stnd (UFA),0,1-way,5,30000000.0,6000000.0,DavidBackes2016
Jamie McGinn,27,"LW, RW",ARI,2016,Stnd (UFA),0,1-way,3,10000000.0,3333333.0,JamieMcGinn2016
Jason Chimera,37,"LW, RW",NYI,2016,35+ (UFA),0,1-way,2,4500000.0,2250000.0,JasonChimera2016
Thomas Vanek,32,"LW, RW",DET,2016,Stnd (UFA),0,1-way,1,2600000.0,2600000.0,ThomasVanek2016
Patrick Wiercioch,25,LD,COL,2016,Stnd (UFA),0,1-way,1,800000.0,800000.0,PatrickWiercioch2016
Kenny Agostino,24,LW,STL,2016,Stnd (UFA),0,1-way,1,625000.0,625000.0,KennyAgostino2016
Zach Trotman,25,RD,LAK,2016,Stnd (UFA),0,1-way,1,650000.0,650000.0,ZachTrotman2016
Michael Latta,25,C,LAK,2016,Stnd (UFA),0,1-way,1,600000.0,600000.0,MichaelLatta2016
Brett Connolly,24,"RW, LW",WSH,2016,Stnd (UFA),0,1-way,1,850000.0,850000.0,BrettConnolly2016
Fedor Tyutin,32,LD,COL,2016,Stnd (UFA),0,1-way,1,2000000.0,2000000.0,FedorTyutin2016
Viktor Stalberg,30,"LW, RW",CAR,2016,Stnd (UFA),0,1-way,1,1500000.0,1500000.0,ViktorStalberg2016
Beau Bennett,24,"RW, LW",NJD,2016,Stnd (UFA),0,1-way,1,725000.0,725000.0,BeauBennett2016
Brian Campbell,37,LD,CHI,2016,35+ (UFA),0,1-way,1,2250000.0,1500000.0,BrianCampbell2016
David Perron,28,"RW, LW",STL,2016,Stnd (UFA),0,1-way,2,7500000.0,3750000.0,DavidPerron2016
Andrew Ladd,30,LW,NYI,2016,Stnd (UFA),0,1-way,7,38500000.0,5500000.0,AndrewLadd2016
Milan Lucic,28,"LW, RW",EDM,2016,Stnd (UFA),0,1-way,7,42000000.0,6000000.0,MilanLucic2016
Kyle Okposo,28,RW,BUF,2016,Stnd (UFA),0,1-way,7,42000000.0,6000000.0,KyleOkposo2016
Klas Dahlbeck,24,LD,ARI,2016,Stnd (UFA),0,1-way,1,750000.0,750000.0,KlasDahlbeck2016
Jon Merrill,24,LD,NJD,2016,Stnd (UFA),0,1-way,2,2275000.0,1137500.0,JonMerrill2016
Philip Larsen,26,D,VAN,2016,Stnd (UFA),0,1-way,1,1025000.0,1025000.0,PhilipLarsen2016
Michael Grabner,28,"LW, RW",NYR,2016,Stnd (UFA),0,1-way,2,3300000.0,1650000.0,MichaelGrabner2016
Teddy Purcell,30,"RW, LW",LAK,2016,Stnd (UFA),0,1-way,1,1600000.0,1600000.0,TeddyPurcell2016
Mikkel Boedker,26,"LW, RW",SJS,2016,Stnd (UFA),0,1-way,4,16000000.0,4000000.0,MikkelBoedker2016
Anton Khudobin,30,G,BOS,2016,Stnd (UFA),0,1-way,2,2400000.0,1200000.0,AntonKhudobin2016
Jayson Megna,26,"C, LW, RW",VAN,2016,Stnd (UFA),0,1-way,1,600000.0,600000.0,JaysonMegna2016
Carter Hutton,30,G,STL,2016,Stnd (UFA),0,1-way,2,2250000.0,1125000.0,CarterHutton2016
Dale Weise,27,"RW, LW",PHI,2016,Stnd (UFA),0,1-way,4,9400000.0,2350000.0,DaleWeise2016
Will O'Neill,28,LD,PHI,2016,Stnd (UFA),0,1-way,2,1225000.0,612500.0,WillONeill2016
Andy Miele,28,C,PHI,2016,Stnd (UFA),0,1-way,1,600000.0,600000.0,AndyMiele2016
Boyd Gordon,32,C,PHI,2016,Stnd (UFA),0,1-way,1,950000.0,950000.0,BoydGordon2016
Ben Lovejoy,32,RD,NJD,2016,Stnd (UFA),0,1-way,3,8000000.0,2666667.0,BenLovejoy2016
Zach Redmond,27,RD,MTL,2016,Stnd (UFA),0,1-way,2,1225000.0,612500.0,ZachRedmond2016
Jeff Zatkoff,29,G,LAK,2016,Stnd (UFA),0,1-way,2,1800000.0,900000.0,JeffZatkoff2016
Tom Gilbert,33,RD,LAK,2016,Stnd (UFA),0,1-way,1,1400000.0,1400000.0,TomGilbert2016
Chad Johnson,30,G,CGY,2016,Stnd (UFA),0,1-way,1,1700000.0,1700000.0,ChadJohnson2016
Vernon Fiddler,36,"C, LW",NJD,2016,35+ (UFA),0,1-way,1,1250000.0,1250000.0,VernonFiddler2016
Yannick Weber,27,RD,NSH,2016,Stnd (UFA),0,1-way,1,575000.0,575000.0,YannickWeber2016
Shawn Matthias,28,"C, LW",WPG,2016,Stnd (UFA),0,1-way,2,4250000.0,2125000.0,ShawnMatthias2016
Brian Strait,28,LD,WPG,2016,Stnd (UFA),0,1-way,1,600000.0,600000.0,BrianStrait2016
Colton Sceviour,27,"RW, C",FLA,2016,Stnd (UFA),0,1-way,2,1900000.0,950000.0,ColtonSceviour2016
Jonathan Marchessault,25,"RW, LW",FLA,2016,Stnd (UFA),0,1-way,2,1500000.0,750000.0,JonathanMarchessault2016
Dominic Moore,35,"C, LW",BOS,2016,35+ (UFA),0,1-way,1,1000000.0,900000.0,DominicMoore2016
Brandon Pirri,25,"RW, LW",NYR,2016,Stnd (UFA),0,1-way,1,1100000.0,1100000.0,BrandonPirri2016
Jiri Hudler,32,"LW, RW",DAL,2016,Stnd (UFA),0,1-way,1,2000000.0,2000000.0,JiriHudler2016
Jhonas Enroth,28,G,TOR,2016,Stnd (UFA),0,1-way,1,750000.0,750000.0,JhonasEnroth2016
Matt Cullen,39,"C, LW",PIT,2016,35+ (UFA),0,1-way,1,1000000.0,1000000.0,MattCullen2016
Radim Vrbata,35,RW,ARI,2016,35+ (UFA),0,1-way,1,3250000.0,1000000.0,RadimVrbata2016
Antoine Vermette,33,"C, LW",ANA,2016,Stnd (UFA),0,1-way,2,3500000.0,1750000.0,AntoineVermette2016
Sam Gagner,26,"RW, C",CBJ,2016,Stnd (UFA),0,1-way,1,650000.0,650000.0,SamGagner2016
Dennis Seidenberg,34,RD,NYI,2016,Stnd (UFA),0,1-way,1,1000000.0,1000000.0,DennisSeidenberg2016
Kyle Quincey,31,RD,NJD,2016,Stnd (UFA),0,1-way,1,1250000.0,1250000.0,KyleQuincey2016
Jack Skille,29,RW,VAN,2016,Stnd (UFA),0,1-way,1,700000.0,700000.0,JackSkille2016
Nicklas Grossmann,31,LD,CGY,2016,Stnd (UFA),0,1-way,1,575000.0,575000.0,NicklasGrossmann2016
Kris Versteeg,30,"LW, RW",CGY,2016,Stnd (UFA),0,1-way,1,950000.0,950000.0,KrisVersteeg2016
Lauri Korpikoski,29,"LW, RW",DAL,2016,Stnd (UFA),0,1-way,1,1000000.0,1000000.0,LauriKorpikoski2016
Rene Bourque,34,LW,COL,2016,Stnd (UFA),0,1-way,1,650000.0,650000.0,ReneBourque2016
Jakub Nakladal,28,RD,CAR,2016,Stnd (UFA),0,1-way,1,600000.0,600000.0,JakubNakladal2016
Kris Russell,29,LD/RD,EDM,2016,Stnd (UFA),0,1-way,1,3100000.0,3100000.0,KrisRussell2016
Drew Shore,26,C,VAN,2017,Stnd (UFA),0,1-way,1,600000.0,600000.0,DrewShore2017
Vladimír Sobotka,28,"LW, C",STL,2017,Stnd (UFA),0,1-way,1,2725000.0,2725000.0,VladimírSobotka2017
Vadim Shipachyov,30,C,VGK,2017,Stnd (UFA),0,1-way,2,9000000.0,4500000.0,VadimShipachyov2017
Mark Streit,39,RD,MTL,2017,35+ (UFA),0,1-way,1,1000000.0,700000.0,MarkStreit2017
Johnny Oduya,35,LD,OTT,2017,35+ (UFA),0,1-way,1,2250000.0,1000000.0,JohnnyOduya2017
Yohann Auvitu,27,"LD, LW",EDM,2017,Stnd (UFA),0,1-way,1,700000.0,700000.0,YohannAuvitu2017
Dennis Rasmussen,26,C,ANA,2017,Stnd (UFA),0,1-way,1,725000.0,725000.0,DennisRasmussen2017
Jussi Jokinen,34,"LW, RW",EDM,2017,Stnd (UFA),0,1-way,1,1100000.0,1100000.0,JussiJokinen2017
Reto Berra,30,G,ANA,2017,Stnd (UFA),0,1-way,1,700000.0,700000.0,RetoBerra2017
Nail Yakupov,23,"RW, LW",COL,2017,Stnd (UFA),0,1-way,1,875000.0,875000.0,NailYakupov2017
David Desharnais,30,C,NYR,2017,Stnd (UFA),0,1-way,1,1000000.0,1000000.0,DavidDesharnais2017
Alexander Radulov,30,RW,DAL,2017,Stnd (UFA),0,1-way,5,31250000.0,6250000.0,AlexanderRadulov2017
Ales Hemsky,33,RW,MTL,2017,Stnd (UFA),0,1-way,1,1000000.0,1000000.0,AlesHemsky2017
Patrick Marleau,37,"LW, C",TOR,2017,35+ (UFA),0,1-way,3,18750000.0,6250000.0,PatrickMarleau2017
Joe Thornton,38,"C, LW",SJS,2017,35+ (UFA),0,1-way,1,8000000.0,8000000.0,JoeThornton2017
Steve Oleksy,31,RD,ANA,2017,Stnd (UFA),0,1-way,2,1300000.0,650000.0,SteveOleksy2017
Darcy Kuemper,27,G,LAK,2017,Stnd (UFA),0,1-way,1,650000.0,650000.0,DarcyKuemper2017
Brad Hunt,28,LD/RD,VGK,2017,Stnd (UFA),0,1-way,2,1300000.0,650000.0,BradHunt2017
Josh Jooris,26,C,CAR,2017,Stnd (UFA),0,1-way,1,775000.0,775000.0,JoshJooris2017
Alexander Burmistrov,25,"C, RW",VAN,2017,Stnd (UFA),0,1-way,1,900000.0,900000.0,AlexanderBurmistrov2017
Karl Alzner,28,LD,MTL,2017,Stnd (UFA),0,1-way,5,23125000.0,4625000.0,KarlAlzner2017
Kevin Shattenkirk,28,RD,NYR,2017,Stnd (UFA),0,1-way,4,26600000.0,6650000.0,KevinShattenkirk2017
Brian Boyle,32,"LW, C",NJD,2017,Stnd (UFA),0,1-way,2,5100000.0,2550000.0,BrianBoyle2017
Steve Mason,29,G,WPG,2017,Stnd (UFA),0,1-way,2,8200000.0,4100000.0,SteveMason2017
Adam Clendening,24,RD,ARI,2017,Stnd (UFA),0,1-way,1,650000.0,650000.0,AdamClendening2017
Joe Morrow,24,RD,MTL,2017,Stnd (UFA),0,1-way,1,650000.0,650000.0,JoeMorrow2017
Nate Thompson,32,C,OTT,2017,Stnd (UFA),0,1-way,2,3300000.0,1650000.0,NateThompson2017
Trevor Daley,33,RD,DET,2017,Stnd (UFA),0,1-way,3,9500000.0,3166666.0,TrevorDaley2017
Martin Hanzal,30,C,DAL,2017,Stnd (UFA),0,1-way,3,14250000.0,4750000.0,MartinHanzal2017
Justin Williams,35,RW,CAR,2017,35+ (UFA),0,1-way,2,9000000.0,4500000.0,JustinWilliams2017
Ron Hainsey,36,RD,TOR,2017,35+ (UFA),0,1-way,2,6000000.0,3000000.0,RonHainsey2017
Ryan Miller,36,G,ANA,2017,35+ (UFA),0,1-way,2,4000000.0,2000000.0,RyanMiller2017
Seth Griffith,24,"RW, C",BUF,2017,Stnd (UFA),0,1-way,1,650000.0,650000.0,SethGriffith2017
Michael Sgarbossa,24,C,WPG,2017,Stnd (UFA),0,1-way,1,650000.0,650000.0,MichaelSgarbossa2017
Kenny Agostino,25,LW,BOS,2017,Stnd (UFA),0,1-way,1,875000.0,875000.0,KennyAgostino2017
Dan Girardi,33,RD,TBL,2017,Stnd (UFA),0,1-way,2,6000000.0,3000000.0,DanGirardi2017
Antti Niemi,33,G,PIT,2017,Stnd (UFA),0,1-way,1,700000.0,700000.0,AnttiNiemi2017
Benoit Pouliot,30,LW,BUF,2017,Stnd (UFA),0,1-way,1,1150000.0,1150000.0,BenoitPouliot2017
Scott Hartnell,35,LW,NSH,2017,35+ (UFA),0,1-way,1,1000000.0,1000000.0,ScottHartnell2017
Mike Cammalleri,35,"LW, C",LAK,2017,35+ (UFA),0,1-way,1,1200000.0,1000000.0,MikeCammalleri2017
Lance Bouma,27,"C, LW, RW",CHI,2017,Stnd (UFA),0,1-way,1,1000000.0,1000000.0,LanceBouma2017
Chad Johnson,31,G,BUF,2017,Stnd (UFA),0,1-way,1,2500000.0,2500000.0,ChadJohnson2017
Patrick Sharp,35,"LW, C",CHI,2017,35+ (UFA),0,1-way,1,1000000.0,800000.0,PatrickSharp2017
Tommy Wingels,29,"RW, LW",CHI,2017,Stnd (UFA),0,1-way,1,750000.0,750000.0,TommyWingels2017
Jordan Oesterle,25,LD/RD,CHI,2017,Stnd (UFA),0,1-way,2,1300000.0,650000.0,JordanOesterle2017
Jean-François Bérubé,25,G,CHI,2017,Stnd (UFA),0,1-way,2,1400000.0,700000.0,Jean-FrançoisBérubé2017
Chris Kunitz,37,"RW, LW",TBL,2017,35+ (UFA),0,1-way,1,3000000.0,2000000.0,ChrisKunitz2017
Nick Bonino,29,"C, LW",NSH,2017,Stnd (UFA),0,1-way,4,16400000.0,4100000.0,NickBonino2017
Jacob Josefson,26,"C, LW",BUF,2017,Stnd (UFA),0,1-way,1,700000.0,700000.0,JacobJosefson2017
Derek Grant,27,"LW, C",ANA,2017,Stnd (UFA),0,1-way,1,650000.0,650000.0,DerekGrant2017
Colin Greening,31,LW,TOR,2017,Stnd (UFA),0,1-way,1,750000.0,750000.0,ColinGreening2017
Vincent LoVerde,28,RD,TOR,2017,Stnd (UFA),0,1-way,2,1450000.0,725000.0,VincentLoVerde2017
Luke Witkowski,27,"RW, RD",DET,2017,Stnd (UFA),0,1-way,2,1500000.0,750000.0,LukeWitkowski2017
Dmitry Kulikov,26,LD/RD,WPG,2017,Stnd (UFA),0,1-way,3,13000000.0,4333333.0,DmitryKulikov2017
Christian Folin,26,RD,LAK,2017,Stnd (UFA),0,1-way,1,850000.0,850000.0,ChristianFolin2017
Evgeni Dadonov,28,"RW, LW",FLA,2017,Stnd (UFA),0,1-way,3,12000000.0,4000000.0,EvgeniDadonov2017
Jonathan Bernier,28,G,COL,2017,Stnd (UFA),0,1-way,1,2750000.0,2750000.0,JonathanBernier2017
Paul Postma,28,RD,BOS,2017,Stnd (UFA),0,1-way,1,725000.0,725000.0,PaulPostma2017
Patrick Wiercioch,26,LD,VAN,2017,Stnd (UFA),0,1-way,1,650000.0,650000.0,PatrickWiercioch2017
Sam Gagner,27,"RW, C",VAN,2017,Stnd (UFA),0,1-way,3,9450000.0,3150000.0,SamGagner2017
Michael Del Zotto,27,LD,VAN,2017,Stnd (UFA),0,1-way,2,6000000.0,3000000.0,MichaelDelZotto2017
Chris Thorburn,34,"RW, LW",STL,2017,Stnd (UFA),0,1-way,2,1800000.0,900000.0,ChrisThorburn2017
Beau Bennett,25,"RW, LW",STL,2017,Stnd (UFA),0,1-way,1,650000.0,650000.0,BeauBennett2017
Matt Hunwick,32,LD,PIT,2017,Stnd (UFA),0,1-way,3,6750000.0,2250000.0,MattHunwick2017
Brian Elliott,32,G,PHI,2017,Stnd (UFA),0,1-way,2,5500000.0,2750000.0,BrianElliott2017
Ondrej Pavelec,29,G,NYR,2017,Stnd (UFA),0,1-way,1,1300000.0,1300000.0,OndrejPavelec2017
Micheal Haley,31,C,FLA,2017,Stnd (UFA),0,1-way,2,1650000.0,825000.0,MichealHaley2017
Tyler Pitlick,25,RW,DAL,2017,Stnd (UFA),0,1-way,3,3000000.0,1000000.0,TylerPitlick2017
David Warsofsky,27,LD,COL,2017,Stnd (UFA),0,1-way,2,1350000.0,675000.0,DavidWarsofsky2017
Anders Nilsson,27,G,VAN,2017,Stnd (UFA),0,1-way,2,5000000.0,2500000.0,AndersNilsson2017
Matt Hendricks,36,"RW, C, LW",WPG,2017,35+ (UFA),0,1-way,1,700000.0,700000.0,MattHendricks2017
Drew Stafford,31,"RW, LW",NJD,2017,Stnd (UFA),0,1-way,1,800000.0,800000.0,DrewStafford2017
Francois Beauchemin,37,LD,ANA,2017,35+ (UFA),0,1-way,1,1700000.0,1000000.0,FrancoisBeauchemin2017
Matt Cullen,40,"C, LW",MIN,2017,35+ (UFA),0,1-way,1,1700000.0,1000000.0,MattCullen2017
Thomas Vanek,33,"LW, RW",VAN,2017,Stnd (UFA),0,1-way,1,2000000.0,2000000.0,ThomasVanek2017
Roman Polák,31,RD,TOR,2017,Stnd (UFA),0,1-way,1,1100000.0,1100000.0,RomanPolák2017
Daniel Winnik,32,C,MIN,2017,Stnd (UFA),0,1-way,1,660000.0,660000.0,DanielWinnik2017
Cody Franson,29,RD,CHI,2017,Stnd (UFA),0,1-way,1,1000000.0,1000000.0,CodyFranson2017
Alex Chiasson,26,RW,WSH,2017,Stnd (UFA),0,1-way,1,660000.0,660000.0,AlexChiasson2017
Jaromír Jágr,45,RW,CGY,2017,35+ (UFA),0,1-way,1,2000000.0,1000000.0,JaromírJágr2017
Tanner Glass,33,LW,CGY,2017,Stnd (UFA),0,1-way,1,650000.0,650000.0,TannerGlass2017
Scottie Upshall,33,LW,STL,2017,Stnd (UFA),0,1-way,1,800000.0,800000.0,ScottieUpshall2017
Jimmy Hayes,27,RW,NJD,2017,Stnd (UFA),0,1-way,1,700000.0,700000.0,JimmyHayes2017
Mike Fisher,37,C,NSH,2018,35+ (UFA),0,1-way,1,1000000.0,1000000.0,MikeFisher2018
Chris Kelly,36,"C, LW",ANA,2018,35+ (UFA),0,1-way,1,1525000.0,1250000.0,ChrisKelly2018
Brian Gionta,38,RW,BOS,2018,35+ (UFA),0,1-way,1,1000000.0,700000.0,BrianGionta2018
Bogdan Kiselevich,28,LD,FLA,2018,Stnd (UFA),0,1-way,1,925000.0,925000.0,BogdanKiselevich2018
Dan Hamhuis,35,LD,NSH,2018,35+ (UFA),0,1-way,2,2500000.0,1250000.0,DanHamhuis2018
Brooks Orpik,37,LD,WSH,2018,35+ (UFA),0,1-way,1,1500000.0,1000000.0,BrooksOrpik2018
Derek Grant,28,"LW, C",PIT,2018,Stnd (UFA),0,1-way,1,650000.0,650000.0,DerekGrant2018
Cody McLeod,34,"LW, RW",NYR,2018,Stnd (UFA),0,1-way,1,750000.0,750000.0,CodyMcLeod2018
Patrick Maroon,30,"LW, RW",STL,2018,Stnd (UFA),0,1-way,1,1750000.0,1750000.0,PatrickMaroon2018
Jan Kovar,28,C,NYI,2018,Stnd (UFA),0,1-way,1,2000000.0,2000000.0,JanKovar2018
Dylan DeMelo,25,RD,SJS,2018,Stnd (UFA),0,1-way,2,1800000.0,900000.0,DylanDeMelo2018
Tyler Ennis,28,"LW, RW",TOR,2018,Stnd (UFA),0,1-way,1,650000.0,650000.0,TylerEnnis2018
Anthony Duclair,22,"LW, RW",CBJ,2018,Stnd (UFA),0,1-way,1,650000.0,650000.0,AnthonyDuclair2018
Christian Folin,27,RD,PHI,2018,Stnd (UFA),0,1-way,1,800000.0,800000.0,ChristianFolin2018
Andrej Sustr,27,RD,ANA,2018,Stnd (UFA),0,1-way,1,1300000.0,1300000.0,AndrejSustr2018
Calvin De Haan,27,LD/RD,CAR,2018,Stnd (UFA),0,1-way,4,18200000.0,4550000.0,CalvinDeHaan2018
Brad Richardson,33,C,ARI,2018,Stnd (UFA),0,1-way,2,2500000.0,1250000.0,BradRichardson2018
Robin Lehner,26,G,NYI,2018,Stnd (UFA),0,1-way,1,1500000.0,1500000.0,RobinLehner2018
James Neal,30,"RW, LW",CGY,2018,Stnd (UFA),0,1-way,5,28750000.0,5750000.0,JamesNeal2018
Tom Kühnhackl,26,RW,NYI,2018,Stnd (UFA),0,1-way,1,700000.0,700000.0,TomKühnhackl2018
Brian Gibbons,30,"C, RW, LW",ANA,2018,Stnd (UFA),0,1-way,1,1000000.0,1000000.0,BrianGibbons2018
Carter Rowney,29,"C, RW",ANA,2018,Stnd (UFA),0,1-way,3,3400000.0,1133333.0,CarterRowney2018
Joe Thornton,38,"C, LW",SJS,2018,35+ (UFA),0,1-way,1,5000000.0,5000000.0,JoeThornton2018
Ben Street,31,C,ANA,2018,Stnd (UFA),0,1-way,1,750000.0,750000.0,BenStreet2018
Leo Komarov,31,"RW, LW, C",NYI,2018,Stnd (UFA),0,1-way,4,12000000.0,3000000.0,LeoKomarov2018
Petr Mrázek,26,G,CAR,2018,Stnd (UFA),0,1-way,1,1500000.0,1500000.0,PetrMrázek2018
Josh Jooris,27,C,TOR,2018,Stnd (UFA),0,1-way,1,650000.0,650000.0,JoshJooris2018
Jay Beagle,32,C,VAN,2018,Stnd (UFA),0,1-way,4,12000000.0,3000000.0,JayBeagle2018
Derek Ryan,31,"C, RW",CGY,2018,Stnd (UFA),0,1-way,3,9375000.0,3125000.0,DerekRyan2018
Jack Johnson,31,LD,PIT,2018,Stnd (UFA),0,1-way,5,16250000.0,3250000.0,JackJohnson2018
Michael Grabner,30,"LW, RW",ARI,2018,Stnd (UFA),0,1-way,3,10050000.0,3350000.0,MichaelGrabner2018
Ilya Kovalchuk,35,"LW, RW",LAK,2018,35+ (UFA),0,1-way,3,18750000.0,6250000.0,IlyaKovalchuk2018
John Tavares,27,"C, LW",TOR,2018,Stnd (UFA),0,1-way,7,77000000.0,11000000.0,JohnTavares2018
Fredrik Claesson,25,LD,NYR,2018,Stnd (UFA),0,1-way,1,700000.0,700000.0,FredrikClaesson2018
Tobias Rieder,25,"RW, LW",EDM,2018,Stnd (UFA),0,1-way,1,2000000.0,2000000.0,TobiasRieder2018
Anton Rödin,27,RW,ANA,2018,Stnd (UFA),0,1-way,1,750000.0,750000.0,AntonRödin2018
Tomas Plekanec,35,C,MTL,2018,35+ (UFA),0,1-way,1,3500000.0,2250000.0,TomasPlekanec2018
Matt Calvert,28,"LW, RW",COL,2018,Stnd (UFA),0,1-way,3,8550000.0,2850000.0,MattCalvert2018
Cam Ward,34,G,CHI,2018,Stnd (UFA),0,1-way,1,3000000.0,3000000.0,CamWard2018
Brandon Manning,28,LD,CHI,2018,Stnd (UFA),0,1-way,2,4500000.0,2250000.0,BrandonManning2018
Thomas Vanek,34,"LW, RW",DET,2018,Stnd (UFA),0,1-way,1,3000000.0,3000000.0,ThomasVanek2018
Thomas Hickey,29,LD,NYI,2018,Stnd (UFA),0,1-way,4,10000000.0,2500000.0,ThomasHickey2018
Chris Kunitz,38,"RW, LW",CHI,2018,35+ (UFA),0,1-way,1,1000000.0,1000000.0,ChrisKunitz2018
Matt Hendricks,37,"RW, C, LW",MIN,2018,35+ (UFA),0,1-way,1,700000.0,700000.0,MattHendricks2018
David Perron,30,"RW, LW",STL,2018,Stnd (UFA),0,1-way,4,16000000.0,4000000.0,DavidPerron2018
Laurent Brossoit,25,G,WPG,2018,Stnd (UFA),0,1-way,1,650000.0,650000.0,LaurentBrossoit2018
Valtteri Filppula,34,"C, LW",NYI,2018,Stnd (UFA),0,1-way,1,2750000.0,2750000.0,ValtteriFilppula2018
Luke Schenn,28,RD,ANA,2018,Stnd (UFA),0,1-way,1,800000.0,800000.0,LukeSchenn2018
Jaroslav Halák,33,G,BOS,2018,Stnd (UFA),0,1-way,2,5500000.0,2750000.0,JaroslavHalák2018
John Moore,27,LD,BOS,2018,Stnd (UFA),0,1-way,5,13750000.0,2750000.0,JohnMoore2018
Joakim Nordström,26,"LW, RW",BOS,2018,Stnd (UFA),0,1-way,2,2000000.0,1000000.0,JoakimNordström2018
Chris Wagner,27,"RW, C",BOS,2018,Stnd (UFA),0,1-way,2,2500000.0,1250000.0,ChrisWagner2018
Riley Nash,29,"C, RW",CBJ,2018,Stnd (UFA),0,1-way,3,8250000.0,2750000.0,RileyNash2018
Anton Khudobin,32,G,DAL,2018,Stnd (UFA),0,1-way,2,5000000.0,2500000.0,AntonKhudobin2018
Roman Polák,32,RD,DAL,2018,Stnd (UFA),0,1-way,1,1300000.0,1300000.0,RomanPolák2018
Jonathan Bernier,29,G,DET,2018,Stnd (UFA),0,1-way,3,9000000.0,3000000.0,JonathanBernier2018
Kyle Brodziak,34,C,EDM,2018,Stnd (UFA),0,1-way,2,2300000.0,1150000.0,KyleBrodziak2018
J.T. Brown,27,RW,MIN,2018,Stnd (UFA),0,1-way,2,1375000.0,687500.0,J.T.Brown2018
Tyler Bozak,32,"C, RW",STL,2018,Stnd (UFA),0,1-way,3,15000000.0,5000000.0,TylerBozak2018
Adam Cracknell,32,RW,TOR,2018,Stnd (UFA),0,1-way,1,650000.0,650000.0,AdamCracknell2018
Daniel Carr,26,LW,VGK,2018,Stnd (UFA),0,1-way,1,750000.0,750000.0,DanielCarr2018
Nick Holden,31,LD,VGK,2018,Stnd (UFA),0,1-way,2,4400000.0,2200000.0,NickHolden2018
Curtis McKenzie,27,LW,VGK,2018,Stnd (UFA),0,1-way,2,1500000.0,750000.0,CurtisMcKenzie2018
Nic Dowd,28,C,WSH,2018,Stnd (UFA),0,1-way,1,650000.0,650000.0,NicDowd2018
James van Riemsdyk,29,"LW, RW",PHI,2018,Stnd (UFA),0,1-way,5,35000000.0,7000000.0,JamesvanRiemsdyk2018
Carter Hutton,32,G,BUF,2018,Stnd (UFA),0,1-way,3,8250000.0,2750000.0,CarterHutton2018
Scott Wilson,26,LW,BUF,2018,Stnd (UFA),0,1-way,2,2100000.0,1050000.0,ScottWilson2018
Austin Czarnik,25,"C, RW",CGY,2018,Stnd (UFA),0,1-way,2,2500000.0,1250000.0,AustinCzarnik2018
Ian Cole,29,LD/RD,COL,2018,Stnd (UFA),0,1-way,3,12750000.0,4250000.0,IanCole2018
Blake Comeau,32,"RW, LW",DAL,2018,Stnd (UFA),0,1-way,3,7200000.0,2400000.0,BlakeComeau2018
Michael Hutchinson,28,G,FLA,2018,Stnd (UFA),0,1-way,1,1300000.0,1300000.0,MichaelHutchinson2018
Eric Fehr,32,"C, RW",MIN,2018,Stnd (UFA),0,1-way,1,1000000.0,1000000.0,EricFehr2018
Matthew Peca,25,"LW, C",MTL,2018,Stnd (UFA),0,1-way,2,2600000.0,1300000.0,MatthewPeca2018
Matt Cullen,41,"C, LW",PIT,2018,35+ (UFA),0,1-way,1,650000.0,650000.0,MattCullen2018
Chad Johnson,32,G,STL,2018,Stnd (UFA),0,1-way,1,1750000.0,1750000.0,ChadJohnson2018
Antoine Roussel,28,LW,VAN,2018,Stnd (UFA),0,1-way,4,12000000.0,3000000.0,AntoineRoussel2018
Tim Schaller,27,LW,VAN,2018,Stnd (UFA),0,1-way,2,3800000.0,1900000.0,TimSchaller2018
Paul Stastny,32,"C, LW",VGK,2018,Stnd (UFA),0,1-way,3,19500000.0,6500000.0,PaulStastny2018
Troy Brouwer,32,"LW, RW",FLA,2018,Stnd (UFA),0,1-way,1,850000.0,850000.0,TroyBrouwer2018
Jakub Jeřábek,27,LD,EDM,2018,Stnd (UFA),0,1-way,1,1000000.0,1000000.0,JakubJeřábek2018
Brandon Davidson,26,LD,CHI,2018,Stnd (UFA),0,1-way,1,650000.0,650000.0,BrandonDavidson2018
Luca Sbisa,28,LD,NYI,2018,Stnd (UFA),0,1-way,1,1500000.0,1500000.0,LucaSbisa2018
Jake Dotchin,24,RD,ANA,2018,Stnd (UFA),0,1-way,1,800000.0,800000.0,JakeDotchin2018
Drew Stafford,32,"RW, LW",NJD,2018,Stnd (UFA),0,1-way,1,810000.0,810000.0,DrewStafford2018
Jason Garrison,33,LD,EDM,2018,Stnd (UFA),0,1-way,1,650000.0,650000.0,JasonGarrison2018
Alex Chiasson,27,RW,EDM,2018,Stnd (UFA),0,1-way,1,650000.0,650000.0,AlexChiasson2018
Lee Stempniak,35,RW,BOS,2019,35+ (UFA),0,1-way,1,650000.0,650000.0,LeeStempniak2019
Dennis Seidenberg,36,RD,NYI,2019,35+ (UFA),0,1-way,1,700000.0,700000.0,DennisSeidenberg2019
Pontus Åberg,25,"RW, LW",TOR,2019,Stnd (UFA),0,1-way,1,700000.0,700000.0,PontusÅberg2019
Garrett Wilson,28,"RW, LW",TOR,2019,Stnd (UFA),0,1-way,1,725000.0,725000.0,GarrettWilson2019
Deryk Engelland,37,RD,VGK,2019,35+ (UFA),0,1-way,1,1500000.0,700000.0,DerykEngelland2019
Josh Archibald,26,"RW, LW",EDM,2019,Stnd (UFA),0,1-way,1,1000000.0,1000000.0,JoshArchibald2019
Ryan Dzingel,27,"LW, RW, C",CAR,2019,Stnd (UFA),0,1-way,2,6750000.0,3375000.0,RyanDzingel2019
Michael Del Zotto,29,LD,ANA,2019,Stnd (UFA),0,1-way,1,750000.0,750000.0,MichaelDelZotto2019
Micheal Ferland,27,"LW, RW",VAN,2019,Stnd (UFA),0,1-way,4,14000000.0,3500000.0,MichealFerland2019
Marcus Johansson,28,"LW, RW",BUF,2019,Stnd (UFA),0,1-way,2,9000000.0,4500000.0,MarcusJohansson2019
Nick Cousins,25,"LW, C",MTL,2019,Stnd (UFA),0,1-way,1,1000000.0,1000000.0,NickCousins2019
Ben Chiarot,28,LD/RD,MTL,2019,Stnd (UFA),0,1-way,3,10500000.0,3500000.0,BenChiarot2019
Jani Hakanpää,27,RD,ANA,2019,Stnd (UFA),0,1-way,1,850000.0,850000.0,JaniHakanpää2019
Anthony Stolarz,25,G,ANA,2019,Stnd (UFA),0,1-way,2,1500000.0,750000.0,AnthonyStolarz2019
Mats Zuccarello,31,"RW, LW",MIN,2019,Stnd (UFA),0,1-way,5,30000000.0,6000000.0,MatsZuccarello2019
Matt Duchene,28,"RW, C",NSH,2019,Stnd (UFA),0,1-way,7,56000000.0,8000000.0,MattDuchene2019
Brett Connolly,27,"RW, LW",FLA,2019,Stnd (UFA),0,1-way,4,14000000.0,3500000.0,BrettConnolly2019
Anders Lee,28,LW,NYI,2019,Stnd (UFA),0,1-way,7,49000000.0,7000000.0,AndersLee2019
Tyler Myers,29,RD,VAN,2019,Stnd (UFA),0,1-way,5,30000000.0,6000000.0,TylerMyers2019
Anton Strålman,32,RD,FLA,2019,Stnd (UFA),0,1-way,3,16500000.0,5500000.0,AntonStrålman2019
David Kämpf,24,C,CHI,2019,Stnd (UFA),0,1-way,2,2000000.0,1000000.0,DavidKämpf2019
Jordie Benn,31,LD/RD,VAN,2019,Stnd (UFA),0,1-way,2,4000000.0,2000000.0,JordieBenn2019
Pär Lindholm,27,"LW, C",BOS,2019,Stnd (UFA),0,1-way,2,1700000.0,850000.0,PärLindholm2019
Andrew Hammond,31,G,BUF,2019,Stnd (UFA),0,1-way,1,700000.0,700000.0,AndrewHammond2019
Andy Welinski,26,RD,PHI,2019,Stnd (UFA),0,1-way,1,750000.0,750000.0,AndyWelinski2019
Tomas Nosek,26,"LW, C",VGK,2019,Stnd (UFA),0,1-way,1,1000000.0,1000000.0,TomasNosek2019
Oscar Fantenberg,27,LD,VAN,2019,Stnd (UFA),0,1-way,1,850000.0,850000.0,OscarFantenberg2019
Cam Talbot,31,G,CGY,2019,Stnd (UFA),0,1-way,1,2750000.0,2750000.0,CamTalbot2019
Brandon Pirri,28,"RW, LW",VGK,2019,Stnd (UFA),0,1-way,2,1550000.0,775000.0,BrandonPirri2019
Brett Ritchie,25,RW,BOS,2019,Stnd (UFA),0,1-way,1,1000000.0,1000000.0,BrettRitchie2019
Brendan Leipsic,25,LW,WSH,2019,Stnd (UFA),0,1-way,1,700000.0,700000.0,BrendanLeipsic2019
Wayne Simmonds,30,"RW, LW",NJD,2019,Stnd (UFA),0,1-way,1,5000000.0,5000000.0,WayneSimmonds2019
Mike Smith,37,G,EDM,2019,35+ (UFA),0,1-way,1,3750000.0,2000000.0,MikeSmith2019
Kenny Agostino,27,LW,TOR,2019,Stnd (UFA),0,1-way,2,1475000.0,737500.0,KennyAgostino2019
Jason Spezza,36,"C, RW",TOR,2019,35+ (UFA),0,1-way,1,700000.0,700000.0,JasonSpezza2019
Valtteri Filppula,35,"C, LW",DET,2019,35+ (UFA),0,1-way,2,6000000.0,3000000.0,ValtteriFilppula2019
Kevin Gravel,27,LD,TOR,2019,Stnd (UFA),0,1-way,1,700000.0,700000.0,KevinGravel2019
Corey Perry,34,RW,DAL,2019,Stnd (UFA),0,1-way,1,3250000.0,1500000.0,CoreyPerry2019
Andrej Sekera,33,LD/RD,DAL,2019,Stnd (UFA),0,1-way,1,2000000.0,1500000.0,AndrejSekera2019
Nick Shore,26,C,TOR,2019,Stnd (UFA),0,1-way,1,750000.0,750000.0,NickShore2019
Tyler Ennis,29,"LW, RW",OTT,2019,Stnd (UFA),0,1-way,1,800000.0,800000.0,TylerEnnis2019
Petr Mrázek,27,G,CAR,2019,Stnd (UFA),0,1-way,2,6250000.0,3125000.0,PetrMrázek2019
Ryan Carpenter,28,"RW, C",CHI,2019,Stnd (UFA),0,1-way,3,3000000.0,1000000.0,RyanCarpenter2019
Patrik Nemeth,27,LD,DET,2019,Stnd (UFA),0,1-way,2,6000000.0,3000000.0,PatrikNemeth2019
Alex Chiasson,28,RW,EDM,2019,Stnd (UFA),0,1-way,2,4300000.0,2150000.0,AlexChiasson2019
Markus Granlund,26,"RW, LW, C",EDM,2019,Stnd (UFA),0,1-way,1,1300000.0,1300000.0,MarkusGranlund2019
Tomas Jurco,26,"RW, LW",EDM,2019,Stnd (UFA),0,1-way,1,750000.0,750000.0,TomasJurco2019
Daniel Carr,27,LW,NSH,2019,Stnd (UFA),0,1-way,1,700000.0,700000.0,DanielCarr2019
Artemi Panarin,27,LW,NYR,2019,Stnd (UFA),0,1-way,7,81500000.0,11642857.0,ArtemiPanarin2019
Ron Hainsey,38,RD,OTT,2019,35+ (UFA),0,1-way,1,3500000.0,3500000.0,RonHainsey2019
Brandon Tanev,27,"LW, RW",PIT,2019,Stnd (UFA),0,1-way,6,21000000.0,3500000.0,BrandonTanev2019
Tim Heed,28,RD,SJS,2019,Stnd (UFA),0,1-way,1,960000.0,960000.0,TimHeed2019
Curtis McElhinney,36,G,TBL,2019,35+ (UFA),0,1-way,2,2600000.0,1300000.0,CurtisMcElhinney2019
Luke Schenn,29,RD,TBL,2019,Stnd (UFA),0,1-way,1,700000.0,700000.0,LukeSchenn2019
Garnet Hathaway,27,"RW, LW",WSH,2019,Stnd (UFA),0,1-way,4,6000000.0,1500000.0,GarnetHathaway2019
Richard Pánik,28,"LW, RW",WSH,2019,Stnd (UFA),0,1-way,4,11000000.0,2750000.0,RichardPánik2019
Robin Lehner,27,G,CHI,2019,Stnd (UFA),0,1-way,1,5000000.0,5000000.0,RobinLehner2019
Curtis Lazar,24,"RW, C",BUF,2019,Stnd (UFA),0,1-way,1,700000.0,700000.0,CurtisLazar2019
Pierre-Édouard Bellemare,34,"C, LW",COL,2019,Stnd (UFA),0,1-way,2,3600000.0,1800000.0,Pierre-ÉdouardBellemare2019
Gustav Nyquist,29,"LW, RW",CBJ,2019,Stnd (UFA),0,1-way,4,22000000.0,5500000.0,GustavNyquist2019
Noel Acciari,27,"C, RW",FLA,2019,Stnd (UFA),0,1-way,3,5000000.0,1666667.0,NoelAcciari2019
Greg McKegg,27,"C, LW",NYR,2019,Stnd (UFA),0,1-way,1,750000.0,750000.0,GregMcKegg2019
Andy Andreoff,28,"LW, C",PHI,2019,Stnd (UFA),0,1-way,2,1500000.0,750000.0,AndyAndreoff2019
Dalton Prout,29,RD,SJS,2019,Stnd (UFA),0,1-way,1,800000.0,800000.0,DaltonProut2019
Jean-Sébastien Dea,25,C,BUF,2019,Stnd (UFA),0,1-way,2,1400000.0,700000.0,Jean-SébastienDea2019
Keith Kinkaid,29,G,MTL,2019,Stnd (UFA),0,1-way,1,1750000.0,1750000.0,KeithKinkaid2019
John Gilmour,26,D,BUF,2019,Stnd (UFA),0,1-way,1,700000.0,700000.0,JohnGilmour2019
Joonas Donskoi,27,RW,COL,2019,Stnd (UFA),0,1-way,4,15600000.0,3900000.0,JoonasDonskoi2019
Colin Wilson,29,"C, LW",COL,2019,Stnd (UFA),0,1-way,1,2600000.0,2600000.0,ColinWilson2019
Joe Pavelski,34,RW,DAL,2019,Stnd (UFA),0,1-way,3,21000000.0,7000000.0,JoePavelski2019
Sergei Bobrovsky,30,G,FLA,2019,Stnd (UFA),0,1-way,7,70000000.0,10000000.0,SergeiBobrovsky2019
Joakim Ryan,26,LD,LAK,2019,Stnd (UFA),0,1-way,1,725000.0,725000.0,JoakimRyan2019
Semyon Varlamov,31,G,NYI,2019,Stnd (UFA),0,1-way,4,20000000.0,5000000.0,SemyonVarlamov2019
Nathan Beaulieu,26,LD/RD,WPG,2019,Stnd (UFA),0,1-way,1,1000000.0,1000000.0,NathanBeaulieu2019
Calvin Pickard,27,G,DET,2019,Stnd (UFA),0,1-way,2,1500000.0,750000.0,CalvinPickard2019
Patrick Maroon,31,"LW, RW",TBL,2019,Stnd (UFA),0,1-way,1,900000.0,900000.0,PatrickMaroon2019
Derick Brassard,31,"C, LW",NYI,2019,Stnd (UFA),0,1-way,1,1200000.0,1200000.0,DerickBrassard2019
Valeri Nichushkin,24,"RW, LW",COL,2019,Stnd (UFA),0,1-way,1,850000.0,850000.0,ValeriNichushkin2019
Kevin Shattenkirk,30,RD,TBL,2019,Stnd (UFA),0,1-way,1,1750000.0,1750000.0,KevinShattenkirk2019
Ben Hutton,26,LD,LAK,2019,Stnd (UFA),0,1-way,1,1500000.0,1500000.0,BenHutton2019
Michael Stone,29,RD,CGY,2019,Stnd (UFA),0,1-way,1,700000.0,700000.0,MichaelStone2019
Joe Thornton,39,"C, LW",SJS,2019,35+ (UFA),0,1-way,1,2000000.0,2000000.0,JoeThornton2019
Jake Gardiner,28,LD,CAR,2019,Stnd (UFA),0,1-way,4,16200000.0,4050000.0,JakeGardiner2019
Riley Sheahan,27,"LW, C",EDM,2019,Stnd (UFA),0,1-way,1,900000.0,900000.0,RileySheahan2019
Luca Sbisa,29,LD,ANA,2019,Stnd (UFA),0,1-way,1,750000.0,750000.0,LucaSbisa2019
Brian Boyle,34,"LW, C",FLA,2019,Stnd (UFA),0,1-way,1,940000.0,940000.0,BrianBoyle2019
Chris Stewart,31,"RW, LW",PHI,2019,Stnd (UFA),0,1-way,1,750000.0,753757.0,ChrisStewart2019
Justin Williams,37,RW,CAR,2020,35+ (UFA),0,1-way,1,2000000.0,700000.0,JustinWilliams2020
Zach Bogosian,28,RD,TBL,2020,Stnd (UFA),0,1-way,1,1300000.0,1300000.0,ZachBogosian2020
Marc Michaelis,24,"LW, C",VAN,2020,Stnd (UFA),0,1-way,1,700000.0,700000.0,MarcMichaelis2020
Kodie Curran,30,LD,ANA,2020,Stnd (UFA),0,1-way,2,2000000.0,1000000.0,KodieCurran2020
Mikhail Grigorenko,26,"C, LW",CBJ,2020,Stnd (UFA),0,1-way,1,1200000.0,1200000.0,MikhailGrigorenko2020
Patrick Maroon,32,"LW, RW",TBL,2020,Stnd (UFA),0,1-way,2,1800000.0,900000.0,PatrickMaroon2020
Luke Schenn,30,RD,TBL,2020,Stnd (UFA),0,1-way,1,800000.0,800000.0,LukeSchenn2020
Alex Galchenyuk,26,"LW, C, RW",OTT,2020,Stnd (UFA),0,1-way,1,1050000.0,1050000.0,AlexGalchenyuk2020
Josh Leivo,27,"RW, LW",CGY,2020,Stnd (UFA),0,1-way,1,875000.0,875000.0,JoshLeivo2020
Nikita Nesterov,27,LD,CGY,2020,Stnd (UFA),0,1-way,1,700000.0,700000.0,NikitaNesterov2020
Dominik Simon,25,"RW, LW",CGY,2020,Stnd (UFA),0,1-way,1,700000.0,700000.0,DominikSimon2020
Dmitry Kulikov,29,LD/RD,NJD,2020,Stnd (UFA),0,1-way,1,1150000.0,1150000.0,DmitryKulikov2020
Joakim Nordström,28,"LW, RW",CGY,2020,Stnd (UFA),0,1-way,1,700000.0,700000.0,JoakimNordström2020
Cody Ceci,26,RD,PIT,2020,Stnd (UFA),0,1-way,1,1250000.0,1250000.0,CodyCeci2020
Joe Thornton,40,"C, LW",TOR,2020,35+ (UFA),0,1-way,1,700000.0,700000.0,JoeThornton2020
Evgeni Dadonov,31,"RW, LW",OTT,2020,Stnd (UFA),0,1-way,3,15000000.0,5000000.0,EvgeniDadonov2020
Aaron Dell,31,G,TOR,2020,Stnd (UFA),0,1-way,1,800000.0,800000.0,AaronDell2020
Patrick Marleau,40,"LW, C",SJS,2020,35+ (UFA),0,1-way,1,700000.0,700000.0,PatrickMarleau2020
Matt Nieto,27,"LW, RW",SJS,2020,Stnd (UFA),0,1-way,1,700000.0,700000.0,MattNieto2020
Lucas Wallmark,24,C,CHI,2020,Stnd (UFA),0,1-way,1,950000.0,950000.0,LucasWallmark2020
Alex Pietrangelo,30,RD,VGK,2020,Stnd (UFA),0,1-way,7,61600000.0,8800000.0,AlexPietrangelo2020
Brad Richardson,35,C,NSH,2020,35+ (UFA),0,1-way,1,1000000.0,1000000.0,BradRichardson2020
Tyler Toffoli,28,"RW, LW",MTL,2020,Stnd (UFA),0,1-way,4,17000000.0,4250000.0,TylerToffoli2020
Erik Gustafsson,28,LD,PHI,2020,Stnd (UFA),0,1-way,1,3000000.0,3000000.0,ErikGustafsson2020
Mattias Janmark,27,"LW, RW",CHI,2020,Stnd (UFA),0,1-way,1,2250000.0,2250000.0,MattiasJanmark2020
Jimmy Vesey,27,"RW, LW",TOR,2020,Stnd (UFA),0,1-way,1,900000.0,900000.0,JimmyVesey2020
Taylor Hall,28,LW,BUF,2020,Stnd (UFA),0,1-way,1,8000000.0,8000000.0,TaylorHall2020
Derek Forbort,28,LD,WPG,2020,Stnd (UFA),0,1-way,1,1000000.0,1000000.0,DerekForbort2020
Kyle Clifford,29,LW,STL,2020,Stnd (UFA),0,1-way,2,2000000.0,1000000.0,KyleClifford2020
Vladislav Namestnikov,27,"LW, RW, C",DET,2020,Stnd (UFA),0,1-way,2,4000000.0,2000000.0,VladislavNamestnikov2020
Travis Boyd,26,"C, RW",TOR,2020,Stnd (UFA),0,1-way,1,700000.0,700000.0,TravisBoyd2020
Zach Bogosian,29,RD,TOR,2020,Stnd (UFA),0,1-way,1,1000000.0,1000000.0,ZachBogosian2020
Jesper Fast,28,RW,CAR,2020,Stnd (UFA),0,1-way,3,6000000.0,2000000.0,JesperFast2020
Tyson Barrie,28,RD,EDM,2020,Stnd (UFA),0,1-way,1,3750000.0,3750000.0,TysonBarrie2020
Mike Smith,38,G,EDM,2020,35+ (UFA),0,1-way,1,2000000.0,1500000.0,MikeSmith2020
Tomas Jurco,27,"RW, LW",VGK,2020,Stnd (UFA),0,1-way,1,700000.0,700000.0,TomasJurco2020
Paul LaDue,27,RD,WSH,2020,Stnd (UFA),0,1-way,1,700000.0,700000.0,PaulLaDue2020
Trevor van Riemsdyk,28,RD,WSH,2020,Stnd (UFA),0,1-way,1,800000.0,800000.0,TrevorvanRiemsdyk2020
Mikko Koivu,37,C,CBJ,2020,35+ (UFA),0,1-way,1,1750000.0,1500000.0,MikkoKoivu2020
Cody Eakin,29,C,BUF,2020,Stnd (UFA),0,1-way,2,4500000.0,2250000.0,CodyEakin2020
Johan Larsson,27,"C, LW",ARI,2020,Stnd (UFA),0,1-way,2,2800000.0,1400000.0,JohanLarsson2020
Nate Thompson,35,C,WPG,2020,35+ (UFA),0,1-way,1,750000.0,750000.0,NateThompson2020
Troy Stecher,26,RD,DET,2020,Stnd (UFA),0,1-way,2,3400000.0,1700000.0,TroyStecher2020
Thomas Greiss,34,G,DET,2020,Stnd (UFA),0,1-way,2,7200000.0,3600000.0,ThomasGreiss2020
Mark Pysyk,28,RD,DAL,2020,Stnd (UFA),0,1-way,1,750000.0,750000.0,MarkPysyk2020
Craig Smith,30,RW,BOS,2020,Stnd (UFA),0,1-way,3,9300000.0,3100000.0,CraigSmith2020
Andy Welinski,27,RD,ANA,2020,Stnd (UFA),0,1-way,1,750000.0,750000.0,AndyWelinski2020
Braden Holtby,30,G,VAN,2020,Stnd (UFA),0,1-way,2,8600000.0,4300000.0,BradenHoltby2020
John Hayden,25,"C, RW",ARI,2020,Stnd (UFA),0,1-way,1,750000.0,750000.0,JohnHayden2020
Mark Jankowski,25,"C, LW",PIT,2020,Stnd (UFA),0,1-way,1,700000.0,700000.0,MarkJankowski2020
Ryan Lomberg,25,LW,FLA,2020,Stnd (UFA),0,1-way,2,1450000.0,725000.0,RyanLomberg2020
Corey Crawford,35,G,NJD,2020,35+ (UFA),0,1-way,2,7800000.0,3900000.0,CoreyCrawford2020
Luca Sbisa,30,LD,WPG,2020,Stnd (UFA),0,1-way,1,800000.0,800000.0,LucaSbisa2020
Jon Merrill,28,LD,DET,2020,Stnd (UFA),0,1-way,1,925000.0,925000.0,JonMerrill2020
Anton Forsberg,27,G,EDM,2020,Stnd (UFA),0,1-way,1,700000.0,700000.0,AntonForsberg2020
Evan Rodrigues,26,"LW, C",PIT,2020,Stnd (UFA),0,1-way,1,700000.0,700000.0,EvanRodrigues2020
Nathan Beaulieu,27,LD/RD,WPG,2020,Stnd (UFA),0,1-way,2,2500000.0,1250000.0,NathanBeaulieu2020
Kevan Miller,32,RD,BOS,2020,Stnd (UFA),0,1-way,1,2000000.0,1250000.0,KevanMiller2020
Wayne Simmonds,31,"RW, LW",TOR,2020,Stnd (UFA),0,1-way,1,1500000.0,1500000.0,WayneSimmonds2020
TJ Brodie,30,LD/RD,TOR,2020,Stnd (UFA),0,1-way,4,20000000.0,5000000.0,TJBrodie2020
Torey Krug,29,LD,STL,2020,Stnd (UFA),0,1-way,7,45500000.0,6500000.0,ToreyKrug2020
Nick Cousins,26,"LW, C",NSH,2020,Stnd (UFA),0,1-way,2,3000000.0,1500000.0,NickCousins2020
Alexander Wennberg,25,C,FLA,2020,Stnd (UFA),0,1-way,1,2250000.0,2250000.0,AlexanderWennberg2020
Vinnie Hinostroza,26,"RW, LW",FLA,2020,Stnd (UFA),0,1-way,1,1000000.0,1000000.0,VinnieHinostroza2020
Matt Irwin,32,LD/RD,BUF,2020,Stnd (UFA),0,1-way,1,700000.0,700000.0,MattIrwin2020
Kevin Shattenkirk,31,RD,ANA,2020,Stnd (UFA),0,1-way,3,11700000.0,3900000.0,KevinShattenkirk2020
Tomas Nosek,27,"LW, C",VGK,2020,Stnd (UFA),0,1-way,1,1250000.0,1250000.0,TomasNosek2020
Carter Verhaeghe,24,LW,FLA,2020,Stnd (UFA),0,1-way,2,2000000.0,1000000.0,CarterVerhaeghe2020
Christopher Tanev,30,RD,CGY,2020,Stnd (UFA),0,1-way,4,18000000.0,4500000.0,ChristopherTanev2020
Derek Grant,30,"LW, C",ANA,2020,Stnd (UFA),0,1-way,3,4500000.0,1500000.0,DerekGrant2020
Tobias Rieder,27,"RW, LW",BUF,2020,Stnd (UFA),0,1-way,1,700000.0,700000.0,TobiasRieder2020
Jack Johnson,33,LD,NYR,2020,Stnd (UFA),0,1-way,1,1150000.0,1150000.0,JackJohnson2020
Justin Schultz,29,RD,WSH,2020,Stnd (UFA),0,1-way,2,8000000.0,4000000.0,JustinSchultz2020
Alan Quine,27,C,EDM,2020,Stnd (UFA),0,1-way,1,750000.0,750000.0,AlanQuine2020
Stefan Noesen,27,"LW, RW",SJS,2020,Stnd (UFA),0,1-way,1,925000.0,925000.0,StefanNoesen2020
Kevin Rooney,27,C,NYR,2020,Stnd (UFA),0,1-way,2,1500000.0,750000.0,KevinRooney2020
Keith Kinkaid,30,G,NYR,2020,Stnd (UFA),0,1-way,2,1650000.0,825000.0,KeithKinkaid2020
Jacob Markström,30,G,CGY,2020,Stnd (UFA),0,1-way,6,36000000.0,6000000.0,JacobMarkström2020
Tyler Pitlick,28,RW,ARI,2020,Stnd (UFA),0,1-way,2,3500000.0,1750000.0,TylerPitlick2020
Anton Khudobin,34,G,DAL,2020,Stnd (UFA),0,1-way,3,10000000.0,3333333.0,AntonKhudobin2020
Matthew Benning,26,RD,NSH,2020,Stnd (UFA),0,1-way,2,2000000.0,1000000.0,MatthewBenning2020
Buddy Robinson,28,RW,CGY,2020,Stnd (UFA),0,1-way,1,700000.0,700000.0,BuddyRobinson2020
Kyle Turris,30,"C, RW",EDM,2020,Stnd (UFA),0,1-way,2,3300000.0,1650000.0,KyleTurris2020
Cam Talbot,32,G,MIN,2020,Stnd (UFA),0,1-way,3,11000000.0,3666667.0,CamTalbot2020
Bobby Ryan,33,"RW, LW",DET,2020,Stnd (UFA),0,1-way,1,1000000.0,1000000.0,BobbyRyan2020
Radko Gudas,30,RD,FLA,2020,Stnd (UFA),0,1-way,3,7500000.0,2500000.0,RadkoGudas2020
Mark Borowiecki,30,LD,NSH,2020,Stnd (UFA),0,1-way,2,4000000.0,2000000.0,MarkBorowiecki2020
Tyler Ennis,30,"LW, RW",EDM,2020,Stnd (UFA),0,1-way,1,1000000.0,1000000.0,TylerEnnis2020
Henrik Lundqvist,38,G,WSH,2020,35+ (UFA),0,1-way,1,1500000.0,1500000.0,HenrikLundqvist2020
Malcolm Subban,26,G,CHI,2020,Stnd (UFA),0,1-way,2,1700000.0,850000.0,MalcolmSubban2020
Dominik Kahun,24,"LW, RW, C",EDM,2020,Stnd (UFA),0,1-way,1,975000.0,975000.0,DominikKahun2020
Zdeno Chara,43,LD,WSH,2020,35+ (UFA),0,1-way,1,1525000.0,795000.0,ZdenoChara2020
Derick Brassard,32,"C, LW",ARI,2020,Stnd (UFA),0,1-way,1,1000000.0,1000000.0,DerickBrassard2020
Andreas Athanasiou,25,"LW, RW",LAK,2020,Stnd (UFA),0,1-way,1,1200000.0,1200000.0,AndreasAthanasiou2020
Corey Perry,35,RW,MTL,2020,35+ (UFA),0,1-way,1,750000.0,750000.0,CoreyPerry2020
Carl Söderberg,34,"C, LW",CHI,2020,Stnd (UFA),0,1-way,1,1000000.0,1000000.0,CarlSöderberg2020
Slater Koekkoek,26,LD/RD,EDM,2020,Stnd (UFA),0,1-way,1,850000.0,850000.0,SlaterKoekkoek2020
Ryan Miller,39,G,ANA,2020,35+ (UFA),0,1-way,1,1000000.0,1000000.0,RyanMiller2020
Erik Haula,29,"C, LW",NSH,2020,Stnd (UFA),0,1-way,1,1750000.0,1750000.0,ErikHaula2020
Mikael Granlund,28,"C, RW",NSH,2020,Stnd (UFA),0,1-way,1,3750000.0,3750000.0,MikaelGranlund2020
Michael Frolík,32,"LW, RW",MTL,2020,Stnd (UFA),0,1-way,1,750000.0,750000.0,MichaelFrolík2020
Conor Sheary,28,"LW, RW",WSH,2020,Stnd (UFA),0,1-way,1,735000.0,735000.0,ConorSheary2020
Jan Rutta,29,LD/RD,TBL,2020,Stnd (UFA),0,1-way,2,2600000.0,1300000.0,JanRutta2020
Drake Caggiula,26,"LW, RW",ARI,2020,Stnd (UFA),0,1-way,1,700000.0,700000.0,DrakeCaggiula2020
Anthony Duclair,24,"LW, RW",FLA,2020,Stnd (UFA),0,1-way,1,1700000.0,1700000.0,AnthonyDuclair2020
